Title,Date
Lupin: Saison 2: Épisode 2,02/02/2026
Roma,01/02/2026
Lupin: Saison 2: Épisode 1,01/02/2026
Lupin: Saison 1: Épisode 7,01/02/2026
Lupin: Saison 1: Épisode 6,31/01/2026
Lupin: Saison 1: Épisode 5,31/01/2026
Lupin: Saison 1: Épisode 4,27/01/2026
Don't Look Up,26/01/2026
Interstellar,25/01/2026
Lupin: Saison 1: Épisode 3,25/01/2026
Lupin: Saison 1: Épisode 2,25/01/2026
Inception,24/01/2026
Lupin: Saison 1: Épisode 1,24/01/2026
La Casa de Papel: Saison 5: Épisode 10,24/01/2026
La Casa de Papel: Saison 5: Épisode 9,24/01/2026
La Casa de Papel: Saison 5: Épisode 8,24/01/2026
La Casa de Papel: Saison 5: Épisode 7,24/01/2026
La Casa de Papel: Saison 5: Épisode 6,18/01/2026
La Casa de Papel: Saison 5: Épisode 5,18/01/2026
La Casa de Papel: Saison 5: Épisode 4,18/01/2026
La Casa de Papel: Saison 5: Épisode 3,18/01/2026
La Casa de Papel: Saison 5: Épisode 2,18/01/2026
La Casa de Papel: Saison 5: Épisode 1,18/01/2026
Red Notice,17/01/2026
La Casa de Papel: Saison 4: Épisode 10,17/01/2026
La Casa de Papel: Saison 4: Épisode 9,17/01/2026
La Casa de Papel: Saison 4: Épisode 8,17/01/2026
La Casa de Papel: Saison 4: Épisode 7,17/01/2026
La Casa de Papel: Saison 4: Épisode 6,17/01/2026
La Casa de Papel: Saison 4: Épisode 5,14/01/2026
La Casa de Papel: Saison 4: Épisode 4,14/01/2026
La Casa de Papel: Saison 4: Épisode 3,12/01/2026
La Casa de Papel: Saison 4: Épisode 2,12/01/2026
La Casa de Papel: Saison 4: Épisode 1,11/01/2026
La Casa de Papel: Saison 3: Épisode 10,11/01/2026
La Casa de Papel: Saison 3: Épisode 9,10/01/2026
La Casa de Papel: Saison 3: Épisode 8,10/01/2026
La Casa de Papel: Saison 3: Épisode 7,10/01/2026
Spider-Man: No Way Home,09/01/2026
La Casa de Papel: Saison 3: Épisode 6,07/01/2026
La Casa de Papel: Saison 3: Épisode 5,07/01/2026
La Casa de Papel: Saison 3: Épisode 4,06/01/2026
Joker,04/01/2026
La Casa de Papel: Saison 3: Épisode 3,04/01/2026
La Casa de Papel: Saison 3: Épisode 2,04/01/2026
Dune,03/01/2026
La Casa de Papel: Saison 3: Épisode 1,03/01/2026
The Irishman,01/01/2026
La Casa de Papel: Saison 2: Épisode 10,31/12/2025
La Casa de Papel: Saison 2: Épisode 9,31/12/2025
La Casa de Papel: Saison 2: Épisode 8,29/12/2025
La Casa de Papel: Saison 2: Épisode 7,29/12/2025
La Casa de Papel: Saison 2: Épisode 6,27/12/2025
La Casa de Papel: Saison 2: Épisode 5,27/12/2025
La Casa de Papel: Saison 2: Épisode 4,25/12/2025
La Casa de Papel: Saison 2: Épisode 3,21/12/2025
La Casa de Papel: Saison 2: Épisode 2,21/12/2025
La Casa de Papel: Saison 2: Épisode 1,21/12/2025
The Batman,20/12/2025
La Casa de Papel: Saison 1: Épisode 10,20/12/2025
La Casa de Papel: Saison 1: Épisode 9,15/12/2025
La Casa de Papel: Saison 1: Épisode 8,14/12/2025
La Casa de Papel: Saison 1: Épisode 7,14/12/2025
La Casa de Papel: Saison 1: Épisode 6,14/12/2025
Spider-Man: No Way Home,14/12/2025
La Casa de Papel: Saison 1: Épisode 5,14/12/2025
La Casa de Papel: Saison 1: Épisode 4,14/12/2025
Glass Onion,13/12/2025
La Casa de Papel: Saison 1: Épisode 3,13/12/2025
La Casa de Papel: Saison 1: Épisode 2,12/12/2025
La Casa de Papel: Saison 1: Épisode 1,11/12/2025
Black Mirror: Saison 6: Épisode 5,11/12/2025
Black Mirror: Saison 6: Épisode 4,09/12/2025
Black Mirror: Saison 6: Épisode 3,07/12/2025
Black Mirror: Saison 6: Épisode 2,07/12/2025
Black Mirror: Saison 6: Épisode 1,07/12/2025
Black Mirror: Saison 5: Épisode 5,07/12/2025
Black Mirror: Saison 5: Épisode 4,06/12/2025
Black Mirror: Saison 5: Épisode 3,06/12/2025
Black Mirror: Saison 5: Épisode 2,03/12/2025
Black Mirror: Saison 5: Épisode 1,02/12/2025
Black Mirror: Saison 4: Épisode 5,30/11/2025
Joker,30/11/2025
Black Mirror: Saison 4: Épisode 4,30/11/2025
Black Mirror: Saison 4: Épisode 3,30/11/2025
Black Mirror: Saison 4: Épisode 2,30/11/2025
Black Mirror: Saison 4: Épisode 1,30/11/2025
Black Mirror: Saison 3: Épisode 5,29/11/2025
Black Mirror: Saison 3: Épisode 4,29/11/2025
Black Mirror: Saison 3: Épisode 3,29/11/2025
Black Mirror: Saison 3: Épisode 2,27/11/2025
Black Mirror: Saison 3: Épisode 1,27/11/2025
Avengers: Endgame,25/11/2025
Black Mirror: Saison 2: Épisode 5,25/11/2025
Inception,23/11/2025
Black Mirror: Saison 2: Épisode 4,23/11/2025
Black Mirror: Saison 2: Épisode 3,23/11/2025
Black Mirror: Saison 2: Épisode 2,23/11/2025
The Batman,22/11/2025
Black Mirror: Saison 2: Épisode 1,22/11/2025
Black Mirror: Saison 1: Épisode 5,22/11/2025
Black Mirror: Saison 1: Épisode 4,15/11/2025
Black Mirror: Saison 1: Épisode 3,15/11/2025
Black Mirror: Saison 1: Épisode 2,15/11/2025
Black Mirror: Saison 1: Épisode 1,11/11/2025
Lupin: Saison 3: Épisode 7,08/11/2025
Lupin: Saison 3: Épisode 6,08/11/2025
Titanic,07/11/2025
Lupin: Saison 3: Épisode 5,02/11/2025
Lupin: Saison 3: Épisode 4,02/11/2025
Lupin: Saison 3: Épisode 3,02/11/2025
Titanic,02/11/2025
Lupin: Saison 3: Épisode 2,02/11/2025
Lupin: Saison 3: Épisode 1,01/11/2025
Lupin: Saison 2: Épisode 7,01/11/2025
Lupin: Saison 2: Épisode 6,30/10/2025
Lupin: Saison 2: Épisode 5,28/10/2025
Lupin: Saison 2: Épisode 4,28/10/2025
Joker,27/10/2025
Glass Onion,26/10/2025
Lupin: Saison 2: Épisode 3,26/10/2025
Lupin: Saison 2: Épisode 2,25/10/2025
Lupin: Saison 2: Épisode 1,25/10/2025
Lupin: Saison 1: Épisode 7,25/10/2025
Lupin: Saison 1: Épisode 6,25/10/2025
Lupin: Saison 1: Épisode 5,25/10/2025
Lupin: Saison 1: Épisode 4,25/10/2025
Lupin: Saison 1: Épisode 3,24/10/2025
Lupin: Saison 1: Épisode 2,18/10/2025
Lupin: Saison 1: Épisode 1,18/10/2025
Friends: Saison 10: Épisode 24,18/10/2025
Friends: Saison 10: Épisode 23,12/10/2025
Friends: Saison 10: Épisode 22,12/10/2025
Friends: Saison 10: Épisode 21,12/10/2025
Uncut Gems,11/10/2025
Friends: Saison 10: Épisode 20,10/10/2025
Friends: Saison 10: Épisode 19,10/10/2025
Spider-Man: No Way Home,05/10/2025
Friends: Saison 10: Épisode 18,05/10/2025
Friends: Saison 10: Épisode 17,03/10/2025
Friends: Saison 10: Épisode 16,03/10/2025
Friends: Saison 10: Épisode 15,30/09/2025
Friends: Saison 10: Épisode 14,29/09/2025
Friends: Saison 10: Épisode 13,28/09/2025
Friends: Saison 10: Épisode 12,28/09/2025
Friends: Saison 10: Épisode 11,28/09/2025
Friends: Saison 10: Épisode 10,28/09/2025
Friends: Saison 10: Épisode 9,27/09/2025
Friends: Saison 10: Épisode 8,27/09/2025
Friends: Saison 10: Épisode 7,24/09/2025
Friends: Saison 10: Épisode 6,24/09/2025
The Batman,21/09/2025
Don't Look Up,19/09/2025
Friends: Saison 10: Épisode 5,18/09/2025
Friends: Saison 10: Épisode 4,16/09/2025
Interstellar,14/09/2025
Dune,14/09/2025
Friends: Saison 10: Épisode 3,14/09/2025
Friends: Saison 10: Épisode 2,13/09/2025
Friends: Saison 10: Épisode 1,13/09/2025
Friends: Saison 9: Épisode 24,12/09/2025
Friends: Saison 9: Épisode 23,11/09/2025
Friends: Saison 9: Épisode 22,07/09/2025
Friends: Saison 9: Épisode 21,07/09/2025
Friends: Saison 9: Épisode 20,07/09/2025
Friends: Saison 9: Épisode 19,06/09/2025
Friends: Saison 9: Épisode 18,06/09/2025
Friends: Saison 9: Épisode 17,05/09/2025
Friends: Saison 9: Épisode 16,05/09/2025
Friends: Saison 9: Épisode 15,31/08/2025
Friends: Saison 9: Épisode 14,31/08/2025
Dune,31/08/2025
Friends: Saison 9: Épisode 13,31/08/2025
Friends: Saison 9: Épisode 12,31/08/2025
Friends: Saison 9: Épisode 11,31/08/2025
Extraction,30/08/2025
Friends: Saison 9: Épisode 10,30/08/2025
Friends: Saison 9: Épisode 9,30/08/2025
Friends: Saison 9: Épisode 8,30/08/2025
Interstellar,28/08/2025
Friends: Saison 9: Épisode 7,28/08/2025
Friends: Saison 9: Épisode 6,25/08/2025
Friends: Saison 9: Épisode 5,24/08/2025
Friends: Saison 9: Épisode 4,24/08/2025
Friends: Saison 9: Épisode 3,24/08/2025
Friends: Saison 9: Épisode 2,23/08/2025
Friends: Saison 9: Épisode 1,23/08/2025
Friends: Saison 8: Épisode 24,22/08/2025
Friends: Saison 8: Épisode 23,22/08/2025
Friends: Saison 8: Épisode 22,16/08/2025
Friends: Saison 8: Épisode 21,16/08/2025
The Irishman,16/08/2025
Friends: Saison 8: Épisode 20,16/08/2025
Friends: Saison 8: Épisode 19,15/08/2025
Friends: Saison 8: Épisode 18,15/08/2025
Friends: Saison 8: Épisode 17,14/08/2025
Bird Box,10/08/2025
Friends: Saison 8: Épisode 16,10/08/2025
Friends: Saison 8: Épisode 15,10/08/2025
Friends: Saison 8: Épisode 14,08/08/2025
Friends: Saison 8: Épisode 13,08/08/2025
Friends: Saison 8: Épisode 12,03/08/2025
Friends: Saison 8: Épisode 11,03/08/2025
Friends: Saison 8: Épisode 10,03/08/2025
Friends: Saison 8: Épisode 9,03/08/2025
Red Notice,02/08/2025
Friends: Saison 8: Épisode 8,02/08/2025
Friends: Saison 8: Épisode 7,01/08/2025
Friends: Saison 8: Épisode 6,01/08/2025
Friends: Saison 8: Épisode 5,27/07/2025
Friends: Saison 8: Épisode 4,27/07/2025
Friends: Saison 8: Épisode 3,27/07/2025
The Batman,26/07/2025
Friends: Saison 8: Épisode 2,26/07/2025
Friends: Saison 8: Épisode 1,25/07/2025
Friends: Saison 7: Épisode 24,25/07/2025
Friends: Saison 7: Épisode 23,21/07/2025
Inception,20/07/2025
Friends: Saison 7: Épisode 22,20/07/2025
Friends: Saison 7: Épisode 21,19/07/2025
Friends: Saison 7: Épisode 20,19/07/2025
Friends: Saison 7: Épisode 19,14/07/2025
Friends: Saison 7: Épisode 18,14/07/2025
Friends: Saison 7: Épisode 17,12/07/2025
Friends: Saison 7: Épisode 16,12/07/2025
Friends: Saison 7: Épisode 15,10/07/2025
Don't Look Up,06/07/2025
Friends: Saison 7: Épisode 14,06/07/2025
Uncut Gems,05/07/2025
Friends: Saison 7: Épisode 13,04/07/2025
The Irishman,01/07/2025
Friends: Saison 7: Épisode 12,29/06/2025
Friends: Saison 7: Épisode 11,29/06/2025
Friends: Saison 7: Épisode 10,29/06/2025
Friends: Saison 7: Épisode 9,27/06/2025
Friends: Saison 7: Épisode 8,27/06/2025
Friends: Saison 7: Épisode 7,22/06/2025
Friends: Saison 7: Épisode 6,22/06/2025
Friends: Saison 7: Épisode 5,22/06/2025
Friends: Saison 7: Épisode 4,21/06/2025
Friends: Saison 7: Épisode 3,21/06/2025
Friends: Saison 7: Épisode 2,21/06/2025
Friends: Saison 7: Épisode 1,20/06/2025
Friends: Saison 6: Épisode 24,18/06/2025
Friends: Saison 6: Épisode 23,18/06/2025
Friends: Saison 6: Épisode 22,17/06/2025
The Batman,15/06/2025
Friends: Saison 6: Épisode 21,15/06/2025
Friends: Saison 6: Épisode 20,14/06/2025
Friends: Saison 6: Épisode 19,14/06/2025
Friends: Saison 6: Épisode 18,14/06/2025
Friends: Saison 6: Épisode 17,14/06/2025
Friends: Saison 6: Épisode 16,13/06/2025
Friends: Saison 6: Épisode 15,12/06/2025
Friends: Saison 6: Épisode 14,12/06/2025
The Batman,10/06/2025
Extraction,08/06/2025
Friends: Saison 6: Épisode 13,08/06/2025
Friends: Saison 6: Épisode 12,08/06/2025
Friends: Saison 6: Épisode 11,08/06/2025
Friends: Saison 6: Épisode 10,07/06/2025
Friends: Saison 6: Épisode 9,07/06/2025
Interstellar,07/06/2025
Avatar 2,31/05/2025
Friends: Saison 6: Épisode 8,31/05/2025
Friends: Saison 6: Épisode 7,30/05/2025
Friends: Saison 6: Épisode 6,30/05/2025
Glass Onion,27/05/2025
Friends: Saison 6: Épisode 5,26/05/2025
Friends: Saison 6: Épisode 4,26/05/2025
Friends: Saison 6: Épisode 3,25/05/2025
Friends: Saison 6: Épisode 2,25/05/2025
Friends: Saison 6: Épisode 1,25/05/2025
Friends: Saison 5: Épisode 24,25/05/2025
Friends: Saison 5: Épisode 23,25/05/2025
Don't Look Up,24/05/2025
Friends: Saison 5: Épisode 22,24/05/2025
Friends: Saison 5: Épisode 21,24/05/2025
Uncut Gems,22/05/2025
Friends: Saison 5: Épisode 20,21/05/2025
Friends: Saison 5: Épisode 19,21/05/2025
Friends: Saison 5: Épisode 18,20/05/2025
Friends: Saison 5: Épisode 17,19/05/2025
Inception,18/05/2025
Friends: Saison 5: Épisode 16,18/05/2025
Friends: Saison 5: Épisode 15,18/05/2025
Titanic,17/05/2025
Friends: Saison 5: Épisode 14,17/05/2025
Inception,16/05/2025
Friends: Saison 5: Épisode 13,15/05/2025
Spider-Man: No Way Home,11/05/2025
Friends: Saison 5: Épisode 12,11/05/2025
Friends: Saison 5: Épisode 11,11/05/2025
Friends: Saison 5: Épisode 10,11/05/2025
Friends: Saison 5: Épisode 9,10/05/2025
Friends: Saison 5: Épisode 8,10/05/2025
Friends: Saison 5: Épisode 7,07/05/2025
Friends: Saison 5: Épisode 6,06/05/2025
Friends: Saison 5: Épisode 5,06/05/2025
Interstellar,04/05/2025
Friends: Saison 5: Épisode 4,03/05/2025
Friends: Saison 5: Épisode 3,03/05/2025
Friends: Saison 5: Épisode 2,03/05/2025
Friends: Saison 5: Épisode 1,03/05/2025
Friends: Saison 4: Épisode 24,03/05/2025
Friends: Saison 4: Épisode 23,28/04/2025
Friends: Saison 4: Épisode 22,27/04/2025
Friends: Saison 4: Épisode 21,27/04/2025
Friends: Saison 4: Épisode 20,26/04/2025
Friends: Saison 4: Épisode 19,26/04/2025
Friends: Saison 4: Épisode 18,26/04/2025
Friends: Saison 4: Épisode 17,26/04/2025
Bird Box,25/04/2025
Friends: Saison 4: Épisode 16,24/04/2025
Friends: Saison 4: Épisode 15,24/04/2025
Friends: Saison 4: Épisode 14,23/04/2025
Friends: Saison 4: Épisode 13,16/04/2025
Friends: Saison 4: Épisode 12,15/04/2025
Friends: Saison 4: Épisode 11,15/04/2025
Friends: Saison 4: Épisode 10,14/04/2025
Extraction,13/04/2025
Friends: Saison 4: Épisode 9,12/04/2025
Friends: Saison 4: Épisode 8,12/04/2025
Friends: Saison 4: Épisode 7,10/04/2025
Friends: Saison 4: Épisode 6,10/04/2025
Friends: Saison 4: Épisode 5,09/04/2025
Friends: Saison 4: Épisode 4,06/04/2025
Friends: Saison 4: Épisode 3,06/04/2025
Friends: Saison 4: Épisode 2,05/04/2025
Friends: Saison 4: Épisode 1,05/04/2025
Friends: Saison 3: Épisode 24,05/04/2025
Friends: Saison 3: Épisode 23,05/04/2025
Friends: Saison 3: Épisode 22,03/04/2025
Uncut Gems,02/04/2025
Friends: Saison 3: Épisode 21,02/04/2025
Bird Box,31/03/2025
Bird Box,30/03/2025
Friends: Saison 3: Épisode 20,30/03/2025
Friends: Saison 3: Épisode 19,26/03/2025
Don't Look Up,22/03/2025
Friends: Saison 3: Épisode 18,22/03/2025
Friends: Saison 3: Épisode 17,22/03/2025
Friends: Saison 3: Épisode 16,21/03/2025
Friends: Saison 3: Épisode 15,19/03/2025
Friends: Saison 3: Épisode 14,17/03/2025
Friends: Saison 3: Épisode 13,16/03/2025
Friends: Saison 3: Épisode 12,16/03/2025
Friends: Saison 3: Épisode 11,16/03/2025
Friends: Saison 3: Épisode 10,16/03/2025
Friends: Saison 3: Épisode 9,15/03/2025
Friends: Saison 3: Épisode 8,15/03/2025
Friends: Saison 3: Épisode 7,15/03/2025
Friends: Saison 3: Épisode 6,13/03/2025
Dune,11/03/2025
Bird Box,09/03/2025
Friends: Saison 3: Épisode 5,09/03/2025
Friends: Saison 3: Épisode 4,09/03/2025
Friends: Saison 3: Épisode 3,09/03/2025
Glass Onion,08/03/2025
Friends: Saison 3: Épisode 2,08/03/2025
Friends: Saison 3: Épisode 1,07/03/2025
Avengers: Endgame,07/03/2025
Friends: Saison 2: Épisode 24,03/03/2025
Spider-Man: No Way Home,02/03/2025
Marriage Story,01/03/2025
Friends: Saison 2: Épisode 23,28/02/2025
Friends: Saison 2: Épisode 22,25/02/2025
Friends: Saison 2: Épisode 21,25/02/2025
Extraction,23/02/2025
Friends: Saison 2: Épisode 20,22/02/2025
Friends: Saison 2: Épisode 19,22/02/2025
Friends: Saison 2: Épisode 18,22/02/2025
The Batman,22/02/2025
Friends: Saison 2: Épisode 17,21/02/2025
Friends: Saison 2: Épisode 16,21/02/2025
Friends: Saison 2: Épisode 15,18/02/2025
Friends: Saison 2: Épisode 14,17/02/2025
Avatar 2,16/02/2025
Extraction,15/02/2025
Friends: Saison 2: Épisode 13,15/02/2025
Friends: Saison 2: Épisode 12,15/02/2025
Friends: Saison 2: Épisode 11,09/02/2025
Friends: Saison 2: Épisode 10,09/02/2025
Friends: Saison 2: Épisode 9,09/02/2025
Friends: Saison 2: Épisode 8,08/02/2025
Friends: Saison 2: Épisode 7,08/02/2025
Friends: Saison 2: Épisode 6,08/02/2025
Friends: Saison 2: Épisode 5,07/02/2025
Friends: Saison 2: Épisode 4,05/02/2025
Friends: Saison 2: Épisode 3,03/02/2025
Friends: Saison 2: Épisode 2,03/02/2025
Don't Look Up,02/02/2025
Friends: Saison 2: Épisode 1,02/02/2025
Friends: Saison 1: Épisode 24,02/02/2025
The Batman,01/02/2025
Extraction,26/01/2025
Friends: Saison 1: Épisode 23,26/01/2025
Uncut Gems,25/01/2025
Friends: Saison 1: Épisode 22,24/01/2025
Dune,23/01/2025
Friends: Saison 1: Épisode 21,19/01/2025
Friends: Saison 1: Épisode 20,19/01/2025
Friends: Saison 1: Épisode 19,19/01/2025
Friends: Saison 1: Épisode 18,19/01/2025
Friends: Saison 1: Épisode 17,19/01/2025
Friends: Saison 1: Épisode 16,19/01/2025
Friends: Saison 1: Épisode 15,18/01/2025
Friends: Saison 1: Épisode 14,18/01/2025
Friends: Saison 1: Épisode 13,18/01/2025
Friends: Saison 1: Épisode 12,18/01/2025
Friends: Saison 1: Épisode 11,18/01/2025
Friends: Saison 1: Épisode 10,15/01/2025
Friends: Saison 1: Épisode 9,15/01/2025
Friends: Saison 1: Épisode 8,14/01/2025
Joker,12/01/2025
Friends: Saison 1: Épisode 7,12/01/2025
Friends: Saison 1: Épisode 6,12/01/2025
Friends: Saison 1: Épisode 5,12/01/2025
Extraction,11/01/2025
Friends: Saison 1: Épisode 4,11/01/2025
Friends: Saison 1: Épisode 3,11/01/2025
Friends: Saison 1: Épisode 2,10/01/2025
Friends: Saison 1: Épisode 1,10/01/2025
Interstellar,08/01/2025
The Office (U.S.): Saison 9: Épisode 22,08/01/2025
The Office (U.S.): Saison 9: Épisode 21,07/01/2025
The Office (U.S.): Saison 9: Épisode 20,06/01/2025
The Office (U.S.): Saison 9: Épisode 19,04/01/2025
The Office (U.S.): Saison 9: Épisode 18,04/01/2025
The Office (U.S.): Saison 9: Épisode 17,04/01/2025
The Office (U.S.): Saison 9: Épisode 16,04/01/2025
The Office (U.S.): Saison 9: Épisode 15,04/01/2025
The Office (U.S.): Saison 9: Épisode 14,04/01/2025
The Office (U.S.): Saison 9: Épisode 13,03/01/2025
The Office (U.S.): Saison 9: Épisode 12,03/01/2025
The Office (U.S.): Saison 9: Épisode 11,02/01/2025
The Office (U.S.): Saison 9: Épisode 10,02/01/2025
Spider-Man: No Way Home,01/01/2025
The Office (U.S.): Saison 9: Épisode 9,01/01/2025
The Office (U.S.): Saison 9: Épisode 8,30/12/2024
Avengers: Endgame,30/12/2024
The Office (U.S.): Saison 9: Épisode 7,29/12/2024
The Office (U.S.): Saison 9: Épisode 6,29/12/2024
The Office (U.S.): Saison 9: Épisode 5,29/12/2024
The Office (U.S.): Saison 9: Épisode 4,29/12/2024
The Office (U.S.): Saison 9: Épisode 3,29/12/2024
The Office (U.S.): Saison 9: Épisode 2,29/12/2024
Uncut Gems,28/12/2024
The Office (U.S.): Saison 9: Épisode 1,28/12/2024
The Office (U.S.): Saison 8: Épisode 22,28/12/2024
The Office (U.S.): Saison 8: Épisode 21,28/12/2024
Bird Box,27/12/2024
The Office (U.S.): Saison 8: Épisode 20,25/12/2024
The Office (U.S.): Saison 8: Épisode 19,24/12/2024
The Office (U.S.): Saison 8: Épisode 18,21/12/2024
The Office (U.S.): Saison 8: Épisode 17,21/12/2024
The Office (U.S.): Saison 8: Épisode 16,21/12/2024
The Office (U.S.): Saison 8: Épisode 15,20/12/2024
The Office (U.S.): Saison 8: Épisode 14,20/12/2024
The Office (U.S.): Saison 8: Épisode 13,15/12/2024
The Office (U.S.): Saison 8: Épisode 12,15/12/2024
The Office (U.S.): Saison 8: Épisode 11,15/12/2024
The Office (U.S.): Saison 8: Épisode 10,15/12/2024
Marriage Story,14/12/2024
The Office (U.S.): Saison 8: Épisode 9,13/12/2024
The Office (U.S.): Saison 8: Épisode 8,13/12/2024
The Office (U.S.): Saison 8: Épisode 7,11/12/2024
The Office (U.S.): Saison 8: Épisode 6,10/12/2024
The Office (U.S.): Saison 8: Épisode 5,10/12/2024
Marriage Story,08/12/2024
The Office (U.S.): Saison 8: Épisode 4,08/12/2024
The Office (U.S.): Saison 8: Épisode 3,02/12/2024
The Office (U.S.): Saison 8: Épisode 2,01/12/2024
The Office (U.S.): Saison 8: Épisode 1,01/12/2024
The Office (U.S.): Saison 7: Épisode 22,01/12/2024
The Office (U.S.): Saison 7: Épisode 21,01/12/2024
The Office (U.S.): Saison 7: Épisode 20,01/12/2024
The Office (U.S.): Saison 7: Épisode 19,30/11/2024
The Office (U.S.): Saison 7: Épisode 18,30/11/2024
The Office (U.S.): Saison 7: Épisode 17,30/11/2024
The Office (U.S.): Saison 7: Épisode 16,30/11/2024
The Office (U.S.): Saison 7: Épisode 15,30/11/2024
Bird Box,29/11/2024
Uncut Gems,28/11/2024
The Office (U.S.): Saison 7: Épisode 14,26/11/2024
The Irishman,24/11/2024
Spider-Man: No Way Home,23/11/2024
The Batman,21/11/2024
The Office (U.S.): Saison 7: Épisode 13,20/11/2024
The Irishman,19/11/2024
The Office (U.S.): Saison 7: Épisode 12,18/11/2024
The Office (U.S.): Saison 7: Épisode 11,14/11/2024
Interstellar,11/11/2024
The Office (U.S.): Saison 7: Épisode 10,10/11/2024
The Office (U.S.): Saison 7: Épisode 9,10/11/2024
The Office (U.S.): Saison 7: Épisode 8,10/11/2024
The Office (U.S.): Saison 7: Épisode 7,10/11/2024
The Office (U.S.): Saison 7: Épisode 6,10/11/2024
The Office (U.S.): Saison 7: Épisode 5,10/11/2024
The Office (U.S.): Saison 7: Épisode 4,09/11/2024
The Office (U.S.): Saison 7: Épisode 3,09/11/2024
The Office (U.S.): Saison 7: Épisode 2,09/11/2024
The Office (U.S.): Saison 7: Épisode 1,09/11/2024
The Office (U.S.): Saison 6: Épisode 22,09/11/2024
The Office (U.S.): Saison 6: Épisode 21,05/11/2024
The Office (U.S.): Saison 6: Épisode 20,05/11/2024
The Office (U.S.): Saison 6: Épisode 19,03/11/2024
The Office (U.S.): Saison 6: Épisode 18,03/11/2024
The Office (U.S.): Saison 6: Épisode 17,03/11/2024
The Office (U.S.): Saison 6: Épisode 16,03/11/2024
The Office (U.S.): Saison 6: Épisode 15,03/11/2024
The Office (U.S.): Saison 6: Épisode 14,03/11/2024
The Office (U.S.): Saison 6: Épisode 13,02/11/2024
The Office (U.S.): Saison 6: Épisode 12,02/11/2024
The Office (U.S.): Saison 6: Épisode 11,02/11/2024
The Office (U.S.): Saison 6: Épisode 10,02/11/2024
The Office (U.S.): Saison 6: Épisode 9,27/10/2024
The Office (U.S.): Saison 6: Épisode 8,27/10/2024
The Office (U.S.): Saison 6: Épisode 7,27/10/2024
The Office (U.S.): Saison 6: Épisode 6,26/10/2024
The Office (U.S.): Saison 6: Épisode 5,26/10/2024
The Office (U.S.): Saison 6: Épisode 4,25/10/2024
The Office (U.S.): Saison 6: Épisode 3,25/10/2024
The Office (U.S.): Saison 6: Épisode 2,23/10/2024
The Office (U.S.): Saison 6: Épisode 1,23/10/2024
Don't Look Up,20/10/2024
The Office (U.S.): Saison 5: Épisode 22,20/10/2024
The Office (U.S.): Saison 5: Épisode 21,20/10/2024
The Office (U.S.): Saison 5: Épisode 20,20/10/2024
The Office (U.S.): Saison 5: Épisode 19,20/10/2024
The Office (U.S.): Saison 5: Épisode 18,19/10/2024
The Office (U.S.): Saison 5: Épisode 17,19/10/2024
The Office (U.S.): Saison 5: Épisode 16,14/10/2024
Spider-Man: No Way Home,12/10/2024
The Office (U.S.): Saison 5: Épisode 15,12/10/2024
The Office (U.S.): Saison 5: Épisode 14,12/10/2024
The Office (U.S.): Saison 5: Épisode 13,12/10/2024
The Office (U.S.): Saison 5: Épisode 12,12/10/2024
The Office (U.S.): Saison 5: Épisode 11,12/10/2024
The Office (U.S.): Saison 5: Épisode 10,11/10/2024
The Office (U.S.): Saison 5: Épisode 9,11/10/2024
The Office (U.S.): Saison 5: Épisode 8,09/10/2024
The Office (U.S.): Saison 5: Épisode 7,08/10/2024
The Office (U.S.): Saison 5: Épisode 6,08/10/2024
Titanic,06/10/2024
The Office (U.S.): Saison 5: Épisode 5,06/10/2024
The Office (U.S.): Saison 5: Épisode 4,06/10/2024
The Office (U.S.): Saison 5: Épisode 3,06/10/2024
The Office (U.S.): Saison 5: Épisode 2,06/10/2024
The Office (U.S.): Saison 5: Épisode 1,05/10/2024
The Office (U.S.): Saison 4: Épisode 22,05/10/2024
Marriage Story,04/10/2024
The Office (U.S.): Saison 4: Épisode 21,03/10/2024
The Office (U.S.): Saison 4: Épisode 20,03/10/2024
The Office (U.S.): Saison 4: Épisode 19,02/10/2024
The Office (U.S.): Saison 4: Épisode 18,02/10/2024
The Office (U.S.): Saison 4: Épisode 17,01/10/2024
Marriage Story,29/09/2024
Dune,28/09/2024
The Office (U.S.): Saison 4: Épisode 16,28/09/2024
The Office (U.S.): Saison 4: Épisode 15,26/09/2024
The Office (U.S.): Saison 4: Épisode 14,26/09/2024
The Office (U.S.): Saison 4: Épisode 13,24/09/2024
The Office (U.S.): Saison 4: Épisode 12,22/09/2024
The Office (U.S.): Saison 4: Épisode 11,22/09/2024
Extraction,21/09/2024
The Office (U.S.): Saison 4: Épisode 10,21/09/2024
Uncut Gems,19/09/2024
The Office (U.S.): Saison 4: Épisode 9,18/09/2024
The Office (U.S.): Saison 4: Épisode 8,17/09/2024
Extraction,15/09/2024
The Office (U.S.): Saison 4: Épisode 7,13/09/2024
The Office (U.S.): Saison 4: Épisode 6,13/09/2024
The Office (U.S.): Saison 4: Épisode 5,12/09/2024
The Office (U.S.): Saison 4: Épisode 4,12/09/2024
Avatar 2,08/09/2024
The Office (U.S.): Saison 4: Épisode 3,08/09/2024
The Office (U.S.): Saison 4: Épisode 2,08/09/2024
The Office (U.S.): Saison 4: Épisode 1,08/09/2024
The Office (U.S.): Saison 3: Épisode 22,08/09/2024
The Office (U.S.): Saison 3: Épisode 21,08/09/2024
Marriage Story,07/09/2024
The Office (U.S.): Saison 3: Épisode 20,07/09/2024
The Office (U.S.): Saison 3: Épisode 19,04/09/2024
The Office (U.S.): Saison 3: Épisode 18,04/09/2024
The Office (U.S.): Saison 3: Épisode 17,02/09/2024
The Office (U.S.): Saison 3: Épisode 16,01/09/2024
The Office (U.S.): Saison 3: Épisode 15,01/09/2024
The Office (U.S.): Saison 3: Épisode 14,01/09/2024
The Office (U.S.): Saison 3: Épisode 13,01/09/2024
The Office (U.S.): Saison 3: Épisode 12,01/09/2024
Interstellar,31/08/2024
The Office (U.S.): Saison 3: Épisode 11,31/08/2024
The Office (U.S.): Saison 3: Épisode 10,31/08/2024
The Office (U.S.): Saison 3: Épisode 9,31/08/2024
The Office (U.S.): Saison 3: Épisode 8,29/08/2024
Avatar 2,28/08/2024
The Office (U.S.): Saison 3: Épisode 7,28/08/2024
The Office (U.S.): Saison 3: Épisode 6,27/08/2024
The Office (U.S.): Saison 3: Épisode 5,26/08/2024
The Office (U.S.): Saison 3: Épisode 4,26/08/2024
The Office (U.S.): Saison 3: Épisode 3,25/08/2024
The Office (U.S.): Saison 3: Épisode 2,25/08/2024
The Office (U.S.): Saison 3: Épisode 1,25/08/2024
The Office (U.S.): Saison 2: Épisode 22,25/08/2024
Joker,22/08/2024
The Office (U.S.): Saison 2: Épisode 21,18/08/2024
The Office (U.S.): Saison 2: Épisode 20,18/08/2024
The Batman,18/08/2024
Roma,17/08/2024
The Office (U.S.): Saison 2: Épisode 19,17/08/2024
The Office (U.S.): Saison 2: Épisode 18,17/08/2024
The Office (U.S.): Saison 2: Épisode 17,15/08/2024
The Office (U.S.): Saison 2: Épisode 16,15/08/2024
The Office (U.S.): Saison 2: Épisode 15,13/08/2024
Joker,12/08/2024
Extraction,11/08/2024
The Office (U.S.): Saison 2: Épisode 14,11/08/2024
The Office (U.S.): Saison 2: Épisode 13,09/08/2024
The Office (U.S.): Saison 2: Épisode 12,04/08/2024
The Office (U.S.): Saison 2: Épisode 11,04/08/2024
The Office (U.S.): Saison 2: Épisode 10,04/08/2024
The Office (U.S.): Saison 2: Épisode 9,04/08/2024
The Office (U.S.): Saison 2: Épisode 8,03/08/2024
The Office (U.S.): Saison 2: Épisode 7,03/08/2024
The Office (U.S.): Saison 2: Épisode 6,03/08/2024
The Office (U.S.): Saison 2: Épisode 5,03/08/2024
Interstellar,03/08/2024
The Office (U.S.): Saison 2: Épisode 4,03/08/2024
The Office (U.S.): Saison 2: Épisode 3,31/07/2024
The Office (U.S.): Saison 2: Épisode 2,30/07/2024
The Office (U.S.): Saison 2: Épisode 1,28/07/2024
The Office (U.S.): Saison 1: Épisode 22,28/07/2024
The Office (U.S.): Saison 1: Épisode 21,28/07/2024
The Office (U.S.): Saison 1: Épisode 20,28/07/2024
The Office (U.S.): Saison 1: Épisode 19,28/07/2024
The Office (U.S.): Saison 1: Épisode 18,27/07/2024
The Office (U.S.): Saison 1: Épisode 17,27/07/2024
The Office (U.S.): Saison 1: Épisode 16,27/07/2024
The Office (U.S.): Saison 1: Épisode 15,23/07/2024
The Office (U.S.): Saison 1: Épisode 14,23/07/2024
Bird Box,21/07/2024
The Office (U.S.): Saison 1: Épisode 13,20/07/2024
The Office (U.S.): Saison 1: Épisode 12,20/07/2024
The Office (U.S.): Saison 1: Épisode 11,20/07/2024
The Office (U.S.): Saison 1: Épisode 10,20/07/2024
The Office (U.S.): Saison 1: Épisode 9,20/07/2024
The Office (U.S.): Saison 1: Épisode 8,20/07/2024
The Office (U.S.): Saison 1: Épisode 7,14/07/2024
The Office (U.S.): Saison 1: Épisode 6,14/07/2024
The Office (U.S.): Saison 1: Épisode 5,13/07/2024
The Office (U.S.): Saison 1: Épisode 4,13/07/2024
The Office (U.S.): Saison 1: Épisode 3,13/07/2024
The Office (U.S.): Saison 1: Épisode 2,13/07/2024
The Office (U.S.): Saison 1: Épisode 1,13/07/2024
The Irishman,10/07/2024
Stranger Things: Saison 4: Épisode 9,10/07/2024
Stranger Things: Saison 4: Épisode 8,04/07/2024
Stranger Things: Saison 4: Épisode 7,03/07/2024
Stranger Things: Saison 4: Épisode 6,02/07/2024
Titanic,30/06/2024
Stranger Things: Saison 4: Épisode 5,30/06/2024
Stranger Things: Saison 4: Épisode 4,30/06/2024
Stranger Things: Saison 4: Épisode 3,30/06/2024
Stranger Things: Saison 4: Épisode 2,30/06/2024
Joker,29/06/2024
Stranger Things: Saison 4: Épisode 1,29/06/2024
Stranger Things: Saison 3: Épisode 9,29/06/2024
Stranger Things: Saison 3: Épisode 8,29/06/2024
Stranger Things: Saison 3: Épisode 7,27/06/2024
Stranger Things: Saison 3: Épisode 6,24/06/2024
Stranger Things: Saison 3: Épisode 5,24/06/2024
Red Notice,23/06/2024
Stranger Things: Saison 3: Épisode 4,23/06/2024
Stranger Things: Saison 3: Épisode 3,21/06/2024
Stranger Things: Saison 3: Épisode 2,21/06/2024
Stranger Things: Saison 3: Épisode 1,20/06/2024
Stranger Things: Saison 2: Épisode 9,20/06/2024
Stranger Things: Saison 2: Épisode 8,19/06/2024
Interstellar,19/06/2024
Stranger Things: Saison 2: Épisode 7,18/06/2024
The Batman,16/06/2024
Stranger Things: Saison 2: Épisode 6,15/06/2024
Stranger Things: Saison 2: Épisode 5,15/06/2024
Stranger Things: Saison 2: Épisode 4,15/06/2024
Stranger Things: Saison 2: Épisode 3,15/06/2024
Stranger Things: Saison 2: Épisode 2,15/06/2024
Stranger Things: Saison 2: Épisode 1,13/06/2024
Stranger Things: Saison 1: Épisode 9,12/06/2024
Stranger Things: Saison 1: Épisode 8,08/06/2024
Stranger Things: Saison 1: Épisode 7,08/06/2024
Stranger Things: Saison 1: Épisode 6,08/06/2024
Stranger Things: Saison 1: Épisode 5,08/06/2024
Stranger Things: Saison 1: Épisode 4,08/06/2024
Stranger Things: Saison 1: Épisode 3,06/06/2024
Stranger Things: Saison 1: Épisode 2,06/06/2024
Roma,05/06/2024
Roma,03/06/2024
The Batman,02/06/2024
Stranger Things: Saison 1: Épisode 1,02/06/2024
The Crown: Saison 6: Épisode 10,02/06/2024
The Crown: Saison 6: Épisode 9,01/06/2024
The Crown: Saison 6: Épisode 8,01/06/2024
The Crown: Saison 6: Épisode 7,31/05/2024
The Crown: Saison 6: Épisode 6,31/05/2024
The Crown: Saison 6: Épisode 5,30/05/2024
The Crown: Saison 6: Épisode 4,30/05/2024
The Crown: Saison 6: Épisode 3,28/05/2024
The Crown: Saison 6: Épisode 2,27/05/2024
The Crown: Saison 6: Épisode 1,27/05/2024
The Crown: Saison 5: Épisode 10,25/05/2024
The Crown: Saison 5: Épisode 9,25/05/2024
The Crown: Saison 5: Épisode 8,25/05/2024
The Crown: Saison 5: Épisode 7,25/05/2024
The Crown: Saison 5: Épisode 6,25/05/2024
The Crown: Saison 5: Épisode 5,24/05/2024
The Crown: Saison 5: Épisode 4,24/05/2024
The Crown: Saison 5: Épisode 3,23/05/2024
The Crown: Saison 5: Épisode 2,23/05/2024
The Crown: Saison 5: Épisode 1,22/05/2024
The Crown: Saison 4: Épisode 10,22/05/2024
The Crown: Saison 4: Épisode 9,20/05/2024
The Crown: Saison 4: Épisode 8,20/05/2024
The Crown: Saison 4: Épisode 7,19/05/2024
The Crown: Saison 4: Épisode 6,19/05/2024
The Crown: Saison 4: Épisode 5,18/05/2024
The Crown: Saison 4: Épisode 4,18/05/2024
The Crown: Saison 4: Épisode 3,18/05/2024
The Crown: Saison 4: Épisode 2,18/05/2024
The Crown: Saison 4: Épisode 1,18/05/2024
The Crown: Saison 3: Épisode 10,18/05/2024
The Crown: Saison 3: Épisode 9,16/05/2024
The Crown: Saison 3: Épisode 8,14/05/2024
The Crown: Saison 3: Épisode 7,14/05/2024
The Crown: Saison 3: Épisode 6,12/05/2024
The Crown: Saison 3: Épisode 5,12/05/2024
The Crown: Saison 3: Épisode 4,12/05/2024
The Crown: Saison 3: Épisode 3,12/05/2024
Red Notice,11/05/2024
The Crown: Saison 3: Épisode 2,11/05/2024
The Crown: Saison 3: Épisode 1,11/05/2024
The Crown: Saison 2: Épisode 10,11/05/2024
The Crown: Saison 2: Épisode 9,11/05/2024
The Crown: Saison 2: Épisode 8,10/05/2024
The Crown: Saison 2: Épisode 7,09/05/2024
Bird Box,07/05/2024
The Crown: Saison 2: Épisode 6,05/05/2024
The Crown: Saison 2: Épisode 5,05/05/2024
The Crown: Saison 2: Épisode 4,05/05/2024
The Crown: Saison 2: Épisode 3,04/05/2024
The Crown: Saison 2: Épisode 2,04/05/2024
The Crown: Saison 2: Épisode 1,04/05/2024
The Crown: Saison 1: Épisode 10,02/05/2024
The Crown: Saison 1: Épisode 9,02/05/2024
The Crown: Saison 1: Épisode 8,30/04/2024
Uncut Gems,27/04/2024
The Crown: Saison 1: Épisode 7,27/04/2024
The Crown: Saison 1: Épisode 6,27/04/2024
The Crown: Saison 1: Épisode 5,25/04/2024
The Crown: Saison 1: Épisode 4,25/04/2024
The Crown: Saison 1: Épisode 3,22/04/2024
Glass Onion,21/04/2024
Uncut Gems,20/04/2024
The Crown: Saison 1: Épisode 2,20/04/2024
The Crown: Saison 1: Épisode 1,20/04/2024
Squid Game: Saison 1: Épisode 9,20/04/2024
Squid Game: Saison 1: Épisode 8,20/04/2024
Squid Game: Saison 1: Épisode 7,18/04/2024
Squid Game: Saison 1: Épisode 6,18/04/2024
Squid Game: Saison 1: Épisode 5,17/04/2024
Squid Game: Saison 1: Épisode 4,17/04/2024
The Irishman,14/04/2024
Squid Game: Saison 1: Épisode 3,14/04/2024
Squid Game: Saison 1: Épisode 2,13/04/2024
Squid Game: Saison 1: Épisode 1,13/04/2024
Narcos: Saison 3: Épisode 10,13/04/2024
Narcos: Saison 3: Épisode 9,12/04/2024
Narcos: Saison 3: Épisode 8,12/04/2024
Narcos: Saison 3: Épisode 7,07/04/2024
Narcos: Saison 3: Épisode 6,07/04/2024
Narcos: Saison 3: Épisode 5,07/04/2024
Narcos: Saison 3: Épisode 4,07/04/2024
Narcos: Saison 3: Épisode 3,07/04/2024
Narcos: Saison 3: Épisode 2,07/04/2024
Bird Box,06/04/2024
Narcos: Saison 3: Épisode 1,05/04/2024
Narcos: Saison 2: Épisode 10,04/04/2024
Narcos: Saison 2: Épisode 9,04/04/2024
Narcos: Saison 2: Épisode 8,03/04/2024
Narcos: Saison 2: Épisode 7,03/04/2024
Narcos: Saison 2: Épisode 6,02/04/2024
Narcos: Saison 2: Épisode 5,02/04/2024
Avatar 2,01/04/2024
Uncut Gems,31/03/2024
Narcos: Saison 2: Épisode 4,30/03/2024
Narcos: Saison 2: Épisode 3,30/03/2024
Roma,28/03/2024
Narcos: Saison 2: Épisode 2,26/03/2024
Narcos: Saison 2: Épisode 1,24/03/2024
Narcos: Saison 1: Épisode 10,24/03/2024
Narcos: Saison 1: Épisode 9,24/03/2024
Glass Onion,23/03/2024
Narcos: Saison 1: Épisode 8,23/03/2024
Narcos: Saison 1: Épisode 7,23/03/2024
Narcos: Saison 1: Épisode 6,23/03/2024
Narcos: Saison 1: Épisode 5,22/03/2024
Narcos: Saison 1: Épisode 4,22/03/2024
Narcos: Saison 1: Épisode 3,21/03/2024
Narcos: Saison 1: Épisode 2,21/03/2024
Narcos: Saison 1: Épisode 1,20/03/2024
Extraction,20/03/2024
Avatar 2,17/03/2024
Lupin: Saison 3: Épisode 7,17/03/2024
Lupin: Saison 3: Épisode 6,15/03/2024
Lupin: Saison 3: Épisode 5,15/03/2024
Lupin: Saison 3: Épisode 4,13/03/2024
Lupin: Saison 3: Épisode 3,13/03/2024
Lupin: Saison 3: Épisode 2,10/03/2024
Lupin: Saison 3: Épisode 1,10/03/2024
Lupin: Saison 2: Épisode 7,10/03/2024
Lupin: Saison 2: Épisode 6,10/03/2024
Lupin: Saison 2: Épisode 5,10/03/2024
Don't Look Up,09/03/2024
Lupin: Saison 2: Épisode 4,09/03/2024
Lupin: Saison 2: Épisode 3,08/03/2024
Lupin: Saison 2: Épisode 2,08/03/2024
Lupin: Saison 2: Épisode 1,05/03/2024
Avengers: Endgame,05/03/2024
Lupin: Saison 1: Épisode 7,03/03/2024
Lupin: Saison 1: Épisode 6,03/03/2024
Lupin: Saison 1: Épisode 5,03/03/2024
Titanic,02/03/2024
Lupin: Saison 1: Épisode 4,02/03/2024
Avatar 2,02/03/2024
Lupin: Saison 1: Épisode 3,02/03/2024
Lupin: Saison 1: Épisode 2,02/03/2024
Lupin: Saison 1: Épisode 1,29/02/2024
The Witcher: Saison 3: Épisode 8,25/02/2024
The Witcher: Saison 3: Épisode 7,25/02/2024
Interstellar,24/02/2024
The Witcher: Saison 3: Épisode 6,24/02/2024
The Witcher: Saison 3: Épisode 5,24/02/2024
The Witcher: Saison 3: Épisode 4,24/02/2024
The Witcher: Saison 3: Épisode 3,22/02/2024
Spider-Man: No Way Home,22/02/2024
The Witcher: Saison 3: Épisode 2,21/02/2024
The Witcher: Saison 3: Épisode 1,18/02/2024
The Witcher: Saison 2: Épisode 8,18/02/2024
The Witcher: Saison 2: Épisode 7,18/02/2024
The Witcher: Saison 2: Épisode 6,18/02/2024
The Witcher: Saison 2: Épisode 5,18/02/2024
The Witcher: Saison 2: Épisode 4,18/02/2024
The Witcher: Saison 2: Épisode 3,17/02/2024
The Witcher: Saison 2: Épisode 2,17/02/2024
The Witcher: Saison 2: Épisode 1,17/02/2024
The Witcher: Saison 1: Épisode 8,17/02/2024
The Witcher: Saison 1: Épisode 7,12/02/2024
The Witcher: Saison 1: Épisode 6,12/02/2024
Uncut Gems,10/02/2024
Joker,10/02/2024
The Witcher: Saison 1: Épisode 5,10/02/2024
The Witcher: Saison 1: Épisode 4,06/02/2024
The Witcher: Saison 1: Épisode 3,06/02/2024
The Witcher: Saison 1: Épisode 2,05/02/2024
The Witcher: Saison 1: Épisode 1,05/02/2024
