Title,Date,Genre,My_Rating,Temp_C,Weather
Friends: Saison 1: Épisode 1,06/02/2024,Comedy,7,8,Cloudy
Black Mirror: Saison 1: Épisode 1,06/02/2024,Sci-Fi,7,8,Cloudy
Black Mirror: Saison 1: Épisode 2,06/02/2024,Sci-Fi,10,8,Cloudy
Black Mirror: Saison 1: Épisode 3,06/02/2024,Sci-Fi,10,8,Cloudy
Black Mirror: Saison 1: Épisode 4,06/02/2024,Sci-Fi,9,8,Cloudy
Black Mirror: Saison 1: Épisode 5,06/02/2024,Sci-Fi,10,8,Cloudy
Inception,07/02/2024,Sci-Fi,10,4,Rainy
Black Mirror: Saison 3: Épisode 1,09/02/2024,Sci-Fi,10,4,Cloudy
Black Mirror: Saison 2: Épisode 5,09/02/2024,Sci-Fi,8,4,Cloudy
Black Mirror: Saison 2: Épisode 4,09/02/2024,Sci-Fi,10,4,Cloudy
Black Mirror: Saison 2: Épisode 2,09/02/2024,Sci-Fi,10,4,Cloudy
Black Mirror: Saison 2: Épisode 1,09/02/2024,Sci-Fi,9,4,Cloudy
Black Mirror: Saison 2: Épisode 3,09/02/2024,Sci-Fi,9,4,Cloudy
Rebel Moon,10/02/2024,Sci-Fi,4,7,Rainy
The Emoji Movie,10/02/2024,Animation,1,7,Rainy
Black Mirror: Saison 3: Épisode 2,10/02/2024,Sci-Fi,10,7,Rainy
Black Mirror: Saison 3: Épisode 3,10/02/2024,Sci-Fi,9,7,Rainy
Black Mirror: Saison 3: Épisode 4,10/02/2024,Sci-Fi,10,7,Rainy
Joker,10/02/2024,Drama,9,7,Rainy
Black Mirror: Saison 4: Épisode 3,11/02/2024,Sci-Fi,10,2,Cloudy
Black Mirror: Saison 4: Épisode 5,11/02/2024,Sci-Fi,9,2,Cloudy
Black Mirror: Saison 4: Épisode 2,11/02/2024,Sci-Fi,8,2,Cloudy
Black Mirror: Saison 4: Épisode 4,11/02/2024,Sci-Fi,8,2,Cloudy
Black Mirror: Saison 4: Épisode 1,11/02/2024,Sci-Fi,9,2,Cloudy
Murder Mystery,11/02/2024,Comedy,4,2,Cloudy
Black Mirror: Saison 3: Épisode 5,11/02/2024,Sci-Fi,10,2,Cloudy
The Office (U.S.): Saison 1: Épisode 1,12/02/2024,Comedy,9,1,Rainy
Bright,12/02/2024,Fantasy,4,1,Rainy
Black Mirror: Saison 5: Épisode 1,12/02/2024,Sci-Fi,10,1,Rainy
Black Mirror: Saison 5: Épisode 2,12/02/2024,Sci-Fi,9,1,Rainy
Black Mirror: Saison 5: Épisode 3,12/02/2024,Sci-Fi,7,1,Rainy
The Office (U.S.): Saison 1: Épisode 2,14/02/2024,Comedy,7,1,Sunny
Black Mirror: Saison 6: Épisode 1,15/02/2024,Sci-Fi,7,8,Sunny
Project Power,15/02/2024,Action,7,8,Sunny
The Old Guard,15/02/2024,Action,8,8,Sunny
Black Mirror: Saison 5: Épisode 4,15/02/2024,Sci-Fi,7,8,Sunny
Black Mirror: Saison 5: Épisode 5,15/02/2024,Sci-Fi,7,8,Sunny
Black Mirror: Saison 6: Épisode 2,16/02/2024,Sci-Fi,8,4,Cloudy
Black Mirror: Saison 6: Épisode 3,16/02/2024,Sci-Fi,10,4,Cloudy
Spirited Away,16/02/2024,Anime,8,4,Cloudy
Black Mirror: Saison 6: Épisode 4,17/02/2024,Sci-Fi,10,1,Cloudy
Black Mirror: Saison 6: Épisode 5,17/02/2024,Sci-Fi,10,1,Cloudy
Squid Game: Saison 1: Épisode 1,17/02/2024,Thriller,8,1,Cloudy
Squid Game: Saison 1: Épisode 2,17/02/2024,Thriller,6,1,Cloudy
Madame Web,17/02/2024,Action,2,1,Cloudy
Spider-Man: Across the Spider-Verse,17/02/2024,Animation,10,1,Cloudy
Squid Game: Saison 1: Épisode 3,17/02/2024,Thriller,8,1,Cloudy
The Gray Man,17/02/2024,Action,6,1,Cloudy
Red Notice,18/02/2024,Action,3,7,Cloudy
Squid Game: Saison 1: Épisode 6,18/02/2024,Thriller,6,7,Cloudy
Squid Game: Saison 1: Épisode 7,18/02/2024,Thriller,9,7,Cloudy
Squid Game: Saison 1: Épisode 4,18/02/2024,Thriller,7,7,Cloudy
Tall Girl,18/02/2024,Comedy,2,7,Cloudy
Squid Game: Saison 1: Épisode 5,18/02/2024,Thriller,7,7,Cloudy
Brooklyn Nine-Nine: Saison 1: Épisode 1,19/02/2024,Comedy,6,2,Sunny
Squid Game: Saison 1: Épisode 8,19/02/2024,Thriller,6,2,Sunny
Squid Game: Saison 1: Épisode 9,19/02/2024,Thriller,9,2,Sunny
Dune: Part One,19/02/2024,Sci-Fi,8,2,Sunny
Breaking Bad: Saison 1: Épisode 1,19/02/2024,Crime,10,2,Sunny
Brooklyn Nine-Nine: Saison 1: Épisode 2,20/02/2024,Comedy,8,5,Cloudy
Brooklyn Nine-Nine: Saison 1: Épisode 3,21/02/2024,Comedy,7,3,Sunny
Breaking Bad: Saison 1: Épisode 2,21/02/2024,Crime,10,3,Sunny
Breaking Bad: Saison 1: Épisode 3,21/02/2024,Crime,10,3,Sunny
Breaking Bad: Saison 1: Épisode 4,21/02/2024,Crime,10,3,Sunny
Enola Holmes 2,21/02/2024,Mystery,8,3,Sunny
Brooklyn Nine-Nine: Saison 1: Épisode 4,22/02/2024,Comedy,9,1,Cloudy
Don't Look Up,23/02/2024,Comedy,9,3,Cloudy
Breaking Bad: Saison 1: Épisode 5,23/02/2024,Crime,10,3,Cloudy
Breaking Bad: Saison 1: Épisode 6,23/02/2024,Crime,10,3,Cloudy
Spenser Confidential,23/02/2024,Action,7,3,Cloudy
The Social Network,23/02/2024,Drama,9,3,Cloudy
Breaking Bad: Saison 1: Épisode 7,23/02/2024,Crime,10,3,Cloudy
Princess Mononoke,24/02/2024,Anime,7,7,Rainy
Breaking Bad: Saison 1: Épisode 8,24/02/2024,Crime,10,7,Rainy
Breaking Bad: Saison 1: Épisode 9,24/02/2024,Crime,9,7,Rainy
Breaking Bad: Saison 1: Épisode 10,24/02/2024,Crime,9,7,Rainy
Whiplash,24/02/2024,Drama,7,7,Rainy
Glass Onion,24/02/2024,Mystery,7,7,Rainy
Get Out,24/02/2024,Horror,10,7,Rainy
Pulp Fiction,25/02/2024,Crime,10,8,Sunny
Breaking Bad: Saison 1: Épisode 13,25/02/2024,Crime,10,8,Sunny
Breaking Bad: Saison 1: Épisode 11,25/02/2024,Crime,10,8,Sunny
Breaking Bad: Saison 1: Épisode 12,25/02/2024,Crime,10,8,Sunny
The Office (U.S.): Saison 1: Épisode 3,26/02/2024,Comedy,9,7,Sunny
The Dark Knight,26/02/2024,Action,8,7,Sunny
Breaking Bad: Saison 2: Épisode 1,26/02/2024,Crime,10,7,Sunny
Parasite,26/02/2024,Thriller,9,7,Sunny
Friends: Saison 1: Épisode 2,27/02/2024,Comedy,6,6,Cloudy
After,27/02/2024,Romance,3,6,Cloudy
The Office (U.S.): Saison 1: Épisode 4,28/02/2024,Comedy,10,5,Cloudy
Morbius,28/02/2024,Action,4,5,Cloudy
365 Days,29/02/2024,Romance,3,5,Sunny
The Office (U.S.): Saison 1: Épisode 5,29/02/2024,Comedy,10,5,Sunny
Jeepers Creepers: Reborn,29/02/2024,Horror,1,5,Sunny
Breaking Bad: Saison 2: Épisode 4,01/03/2024,Crime,10,15,Rainy
Breaking Bad: Saison 2: Épisode 3,01/03/2024,Crime,9,15,Rainy
Sharknado,01/03/2024,Comedy,1,15,Rainy
Breaking Bad: Saison 2: Épisode 2,01/03/2024,Crime,10,15,Rainy
Cats,01/03/2024,Musical,1,15,Rainy
La La Land,02/03/2024,Romance,7,10,Rainy
Dragonball Evolution,02/03/2024,Action,1,10,Rainy
Interstellar,02/03/2024,Sci-Fi,8,10,Rainy
Army of the Dead,03/03/2024,Horror,7,12,Sunny
6 Underground,04/03/2024,Action,3,7,Cloudy
Breaking Bad: Saison 2: Épisode 5,05/03/2024,Crime,10,10,Sunny
Breaking Bad: Saison 2: Épisode 6,05/03/2024,Crime,10,10,Sunny
The Kissing Booth,06/03/2024,Romance,4,9,Cloudy
Breaking Bad: Saison 2: Épisode 8,06/03/2024,Crime,10,9,Cloudy
Heart of Stone,06/03/2024,Action,4,9,Cloudy
Breaking Bad: Saison 2: Épisode 7,06/03/2024,Crime,9,9,Cloudy
Brooklyn Nine-Nine: Saison 1: Épisode 5,07/03/2024,Comedy,9,13,Rainy
Winnie the Pooh: Blood and Honey,07/03/2024,Horror,1,13,Rainy
Breaking Bad: Saison 2: Épisode 9,07/03/2024,Crime,8,13,Rainy
Breaking Bad: Saison 2: Épisode 10,07/03/2024,Crime,10,13,Rainy
Breaking Bad: Saison 2: Épisode 11,07/03/2024,Crime,10,13,Rainy
Breaking Bad: Saison 3: Épisode 5,08/03/2024,Crime,10,9,Sunny
Breaking Bad: Saison 3: Épisode 3,08/03/2024,Crime,9,9,Sunny
Breaking Bad: Saison 3: Épisode 2,08/03/2024,Crime,10,9,Sunny
Breaking Bad: Saison 3: Épisode 4,08/03/2024,Crime,10,9,Sunny
Extraction 2,08/03/2024,Action,6,9,Sunny
Breaking Bad: Saison 2: Épisode 13,08/03/2024,Crime,10,9,Sunny
Breaking Bad: Saison 2: Épisode 12,08/03/2024,Crime,9,9,Sunny
Breaking Bad: Saison 3: Épisode 1,08/03/2024,Crime,10,9,Sunny
Breaking Bad: Saison 3: Épisode 6,09/03/2024,Crime,10,11,Rainy
Breaking Bad: Saison 3: Épisode 7,09/03/2024,Crime,10,11,Rainy
Breaking Bad: Saison 3: Épisode 8,09/03/2024,Crime,10,11,Rainy
Breaking Bad: Saison 3: Épisode 9,09/03/2024,Crime,10,11,Rainy
Breaking Bad: Saison 3: Épisode 10,09/03/2024,Crime,8,11,Rainy
Breaking Bad: Saison 3: Épisode 11,09/03/2024,Crime,10,11,Rainy
Breaking Bad: Saison 3: Épisode 12,09/03/2024,Crime,10,11,Rainy
Breaking Bad: Saison 3: Épisode 13,09/03/2024,Crime,10,11,Rainy
Breaking Bad: Saison 4: Épisode 6,10/03/2024,Crime,10,13,Sunny
Breaking Bad: Saison 4: Épisode 8,10/03/2024,Crime,9,13,Sunny
Breaking Bad: Saison 4: Épisode 7,10/03/2024,Crime,10,13,Sunny
Breaking Bad: Saison 4: Épisode 5,10/03/2024,Crime,10,13,Sunny
Breaking Bad: Saison 4: Épisode 3,10/03/2024,Crime,10,13,Sunny
Breaking Bad: Saison 4: Épisode 2,10/03/2024,Crime,10,13,Sunny
Breaking Bad: Saison 4: Épisode 1,10/03/2024,Crime,10,13,Sunny
Breaking Bad: Saison 4: Épisode 4,10/03/2024,Crime,9,13,Sunny
Breaking Bad: Saison 4: Épisode 9,11/03/2024,Crime,10,10,Rainy
Breaking Bad: Saison 4: Épisode 10,11/03/2024,Crime,10,10,Rainy
Breaking Bad: Saison 4: Épisode 11,11/03/2024,Crime,10,10,Rainy
Breaking Bad: Saison 4: Épisode 12,11/03/2024,Crime,9,10,Rainy
Breaking Bad: Saison 4: Épisode 13,12/03/2024,Crime,10,15,Cloudy
Breaking Bad: Saison 5: Épisode 1,12/03/2024,Crime,10,15,Cloudy
Breaking Bad: Saison 5: Épisode 3,13/03/2024,Crime,10,10,Sunny
Breaking Bad: Saison 5: Épisode 2,13/03/2024,Crime,9,10,Sunny
Breaking Bad: Saison 5: Épisode 7,14/03/2024,Crime,10,12,Rainy
Breaking Bad: Saison 5: Épisode 6,14/03/2024,Crime,8,12,Rainy
Breaking Bad: Saison 5: Épisode 4,14/03/2024,Crime,8,12,Rainy
Breaking Bad: Saison 5: Épisode 5,14/03/2024,Crime,10,12,Rainy
Breaking Bad: Saison 5: Épisode 12,15/03/2024,Crime,10,13,Rainy
Breaking Bad: Saison 5: Épisode 8,15/03/2024,Crime,10,13,Rainy
Breaking Bad: Saison 5: Épisode 9,15/03/2024,Crime,10,13,Rainy
Breaking Bad: Saison 5: Épisode 10,15/03/2024,Crime,10,13,Rainy
Breaking Bad: Saison 5: Épisode 11,15/03/2024,Crime,9,13,Rainy
Breaking Bad: Saison 5: Épisode 13,15/03/2024,Crime,10,13,Rainy
Riverdale: Saison 1: Épisode 1,16/03/2024,Drama,5,11,Rainy
Suits: Saison 1: Épisode 9,17/03/2024,Drama,8,10,Cloudy
Suits: Saison 1: Épisode 3,17/03/2024,Drama,8,10,Cloudy
Suits: Saison 1: Épisode 8,17/03/2024,Drama,7,10,Cloudy
Suits: Saison 1: Épisode 10,17/03/2024,Drama,8,10,Cloudy
Suits: Saison 1: Épisode 7,17/03/2024,Drama,10,10,Cloudy
Suits: Saison 1: Épisode 2,17/03/2024,Drama,6,10,Cloudy
Suits: Saison 1: Épisode 5,17/03/2024,Drama,9,10,Cloudy
Suits: Saison 1: Épisode 4,17/03/2024,Drama,9,10,Cloudy
Suits: Saison 1: Épisode 6,17/03/2024,Drama,6,10,Cloudy
Suits: Saison 1: Épisode 1,17/03/2024,Drama,6,10,Cloudy
Friends: Saison 1: Épisode 3,18/03/2024,Comedy,5,7,Rainy
Suits: Saison 1: Épisode 11,18/03/2024,Drama,10,7,Rainy
Suits: Saison 1: Épisode 12,18/03/2024,Drama,9,7,Rainy
Suits: Saison 1: Épisode 13,18/03/2024,Drama,6,7,Rainy
Suits: Saison 1: Épisode 14,18/03/2024,Drama,6,7,Rainy
Suits: Saison 1: Épisode 15,18/03/2024,Drama,7,7,Rainy
Suits: Saison 2: Épisode 4,19/03/2024,Drama,9,9,Sunny
Suits: Saison 2: Épisode 2,19/03/2024,Drama,7,9,Sunny
Suits: Saison 2: Épisode 3,19/03/2024,Drama,8,9,Sunny
Suits: Saison 1: Épisode 16,19/03/2024,Drama,9,9,Sunny
Suits: Saison 2: Épisode 1,19/03/2024,Drama,7,9,Sunny
Brooklyn Nine-Nine: Saison 1: Épisode 6,20/03/2024,Comedy,7,7,Sunny
Suits: Saison 2: Épisode 5,20/03/2024,Drama,6,7,Sunny
Suits: Saison 2: Épisode 6,20/03/2024,Drama,10,7,Sunny
Suits: Saison 2: Épisode 7,20/03/2024,Drama,10,7,Sunny
Suits: Saison 2: Épisode 8,21/03/2024,Drama,10,11,Rainy
Suits: Saison 2: Épisode 9,21/03/2024,Drama,7,11,Rainy
Suits: Saison 3: Épisode 1,22/03/2024,Drama,10,7,Cloudy
Suits: Saison 3: Épisode 4,22/03/2024,Drama,8,7,Cloudy
Suits: Saison 3: Épisode 5,22/03/2024,Drama,9,7,Cloudy
Suits: Saison 3: Épisode 3,22/03/2024,Drama,6,7,Cloudy
Suits: Saison 3: Épisode 2,22/03/2024,Drama,6,7,Cloudy
Suits: Saison 2: Épisode 16,22/03/2024,Drama,10,7,Cloudy
Suits: Saison 2: Épisode 11,22/03/2024,Drama,7,7,Cloudy
Suits: Saison 2: Épisode 14,22/03/2024,Drama,9,7,Cloudy
Suits: Saison 2: Épisode 13,22/03/2024,Drama,6,7,Cloudy
Suits: Saison 2: Épisode 12,22/03/2024,Drama,6,7,Cloudy
Suits: Saison 2: Épisode 10,22/03/2024,Drama,9,7,Cloudy
Suits: Saison 2: Épisode 15,22/03/2024,Drama,9,7,Cloudy
Suits: Saison 3: Épisode 16,23/03/2024,Drama,9,12,Rainy
Suits: Saison 3: Épisode 15,23/03/2024,Drama,6,12,Rainy
Suits: Saison 3: Épisode 14,23/03/2024,Drama,8,12,Rainy
Suits: Saison 3: Épisode 13,23/03/2024,Drama,7,12,Rainy
Suits: Saison 3: Épisode 12,23/03/2024,Drama,8,12,Rainy
Suits: Saison 3: Épisode 9,23/03/2024,Drama,6,12,Rainy
Suits: Saison 3: Épisode 10,23/03/2024,Drama,8,12,Rainy
Suits: Saison 3: Épisode 8,23/03/2024,Drama,10,12,Rainy
Suits: Saison 3: Épisode 7,23/03/2024,Drama,8,12,Rainy
Suits: Saison 3: Épisode 6,23/03/2024,Drama,6,12,Rainy
Suits: Saison 4: Épisode 1,23/03/2024,Drama,6,12,Rainy
Suits: Saison 3: Épisode 11,23/03/2024,Drama,7,12,Rainy
Suits: Saison 4: Épisode 9,24/03/2024,Drama,9,15,Cloudy
Suits: Saison 4: Épisode 8,24/03/2024,Drama,8,15,Cloudy
Suits: Saison 4: Épisode 10,24/03/2024,Drama,10,15,Cloudy
Suits: Saison 4: Épisode 7,24/03/2024,Drama,6,15,Cloudy
Suits: Saison 4: Épisode 5,24/03/2024,Drama,6,15,Cloudy
Suits: Saison 4: Épisode 6,24/03/2024,Drama,9,15,Cloudy
Suits: Saison 4: Épisode 4,24/03/2024,Drama,9,15,Cloudy
Suits: Saison 4: Épisode 3,24/03/2024,Drama,7,15,Cloudy
Suits: Saison 4: Épisode 2,24/03/2024,Drama,10,15,Cloudy
Brooklyn Nine-Nine: Saison 1: Épisode 7,26/03/2024,Comedy,6,8,Cloudy
Suits: Saison 4: Épisode 11,26/03/2024,Drama,8,8,Cloudy
Suits: Saison 4: Épisode 12,26/03/2024,Drama,9,8,Cloudy
Suits: Saison 4: Épisode 16,27/03/2024,Drama,9,12,Sunny
Suits: Saison 5: Épisode 1,27/03/2024,Drama,6,12,Sunny
Suits: Saison 4: Épisode 13,27/03/2024,Drama,9,12,Sunny
Suits: Saison 4: Épisode 14,27/03/2024,Drama,8,12,Sunny
Suits: Saison 4: Épisode 15,27/03/2024,Drama,6,12,Sunny
Suits: Saison 5: Épisode 8,29/03/2024,Drama,9,15,Sunny
Suits: Saison 5: Épisode 2,29/03/2024,Drama,9,15,Sunny
Suits: Saison 5: Épisode 3,29/03/2024,Drama,7,15,Sunny
Suits: Saison 5: Épisode 4,29/03/2024,Drama,6,15,Sunny
Suits: Saison 5: Épisode 5,29/03/2024,Drama,9,15,Sunny
Suits: Saison 5: Épisode 6,29/03/2024,Drama,10,15,Sunny
Suits: Saison 5: Épisode 7,29/03/2024,Drama,8,15,Sunny
Suits: Saison 5: Épisode 16,30/03/2024,Drama,7,14,Sunny
Suits: Saison 6: Épisode 1,30/03/2024,Drama,10,14,Sunny
Suits: Saison 5: Épisode 15,30/03/2024,Drama,8,14,Sunny
Suits: Saison 5: Épisode 14,30/03/2024,Drama,9,14,Sunny
Suits: Saison 5: Épisode 13,30/03/2024,Drama,10,14,Sunny
Suits: Saison 5: Épisode 12,30/03/2024,Drama,9,14,Sunny
Suits: Saison 5: Épisode 11,30/03/2024,Drama,10,14,Sunny
Suits: Saison 5: Épisode 10,30/03/2024,Drama,7,14,Sunny
Suits: Saison 5: Épisode 9,30/03/2024,Drama,10,14,Sunny
Suits: Saison 6: Épisode 12,31/03/2024,Drama,10,12,Cloudy
Suits: Saison 6: Épisode 11,31/03/2024,Drama,8,12,Cloudy
Suits: Saison 6: Épisode 10,31/03/2024,Drama,7,12,Cloudy
Suits: Saison 6: Épisode 8,31/03/2024,Drama,7,12,Cloudy
Suits: Saison 6: Épisode 7,31/03/2024,Drama,6,12,Cloudy
Suits: Saison 6: Épisode 9,31/03/2024,Drama,10,12,Cloudy
Suits: Saison 6: Épisode 5,31/03/2024,Drama,6,12,Cloudy
Suits: Saison 6: Épisode 4,31/03/2024,Drama,9,12,Cloudy
Suits: Saison 6: Épisode 3,31/03/2024,Drama,7,12,Cloudy
Suits: Saison 6: Épisode 2,31/03/2024,Drama,7,12,Cloudy
Suits: Saison 6: Épisode 6,31/03/2024,Drama,10,12,Cloudy
Suits: Saison 6: Épisode 13,01/04/2024,Drama,9,13,Sunny
Suits: Saison 6: Épisode 14,01/04/2024,Drama,9,13,Sunny
Friends: Saison 1: Épisode 4,02/04/2024,Comedy,6,9,Sunny
Suits: Saison 7: Épisode 2,03/04/2024,Drama,10,14,Cloudy
Friends: Saison 1: Épisode 5,03/04/2024,Comedy,8,14,Cloudy
Suits: Saison 6: Épisode 15,03/04/2024,Drama,6,14,Cloudy
Suits: Saison 6: Épisode 16,03/04/2024,Drama,6,14,Cloudy
Suits: Saison 7: Épisode 1,03/04/2024,Drama,10,14,Cloudy
Suits: Saison 7: Épisode 4,04/04/2024,Drama,6,10,Cloudy
Suits: Saison 7: Épisode 5,04/04/2024,Drama,6,10,Cloudy
Brooklyn Nine-Nine: Saison 1: Épisode 8,04/04/2024,Comedy,7,10,Cloudy
Suits: Saison 7: Épisode 3,04/04/2024,Drama,7,10,Cloudy
Suits: Saison 7: Épisode 13,05/04/2024,Drama,10,8,Cloudy
Suits: Saison 7: Épisode 12,05/04/2024,Drama,10,8,Cloudy
Suits: Saison 7: Épisode 11,05/04/2024,Drama,7,8,Cloudy
Suits: Saison 7: Épisode 10,05/04/2024,Drama,9,8,Cloudy
Suits: Saison 7: Épisode 8,05/04/2024,Drama,6,8,Cloudy
Suits: Saison 7: Épisode 7,05/04/2024,Drama,6,8,Cloudy
Suits: Saison 7: Épisode 9,05/04/2024,Drama,6,8,Cloudy
Suits: Saison 7: Épisode 6,05/04/2024,Drama,7,8,Cloudy
Suits: Saison 8: Épisode 6,06/04/2024,Drama,9,9,Sunny
Suits: Saison 8: Épisode 4,06/04/2024,Drama,8,9,Sunny
Suits: Saison 8: Épisode 3,06/04/2024,Drama,6,9,Sunny
Suits: Saison 8: Épisode 2,06/04/2024,Drama,7,9,Sunny
Suits: Saison 8: Épisode 5,06/04/2024,Drama,10,9,Sunny
Suits: Saison 7: Épisode 16,06/04/2024,Drama,6,9,Sunny
Suits: Saison 7: Épisode 15,06/04/2024,Drama,7,9,Sunny
Suits: Saison 7: Épisode 14,06/04/2024,Drama,8,9,Sunny
Suits: Saison 8: Épisode 1,06/04/2024,Drama,8,9,Sunny
Suits: Saison 8: Épisode 14,07/04/2024,Drama,9,14,Cloudy
Suits: Saison 8: Épisode 7,07/04/2024,Drama,7,14,Cloudy
Suits: Saison 8: Épisode 8,07/04/2024,Drama,9,14,Cloudy
Suits: Saison 8: Épisode 9,07/04/2024,Drama,8,14,Cloudy
Suits: Saison 8: Épisode 10,07/04/2024,Drama,6,14,Cloudy
Suits: Saison 8: Épisode 11,07/04/2024,Drama,8,14,Cloudy
Suits: Saison 8: Épisode 12,07/04/2024,Drama,8,14,Cloudy
Suits: Saison 8: Épisode 13,07/04/2024,Drama,8,14,Cloudy
Suits: Saison 9: Épisode 1,10/04/2024,Drama,9,12,Rainy
Suits: Saison 8: Épisode 16,10/04/2024,Drama,9,12,Rainy
Friends: Saison 1: Épisode 6,10/04/2024,Comedy,8,12,Rainy
Suits: Saison 8: Épisode 15,10/04/2024,Drama,10,12,Rainy
Suits: Saison 9: Épisode 2,11/04/2024,Drama,9,7,Sunny
Suits: Saison 9: Épisode 3,11/04/2024,Drama,10,7,Sunny
Suits: Saison 9: Épisode 4,11/04/2024,Drama,8,7,Sunny
Suits: Saison 9: Épisode 5,11/04/2024,Drama,7,7,Sunny
Suits: Saison 9: Épisode 12,12/04/2024,Drama,10,12,Cloudy
Suits: Saison 9: Épisode 10,12/04/2024,Drama,6,12,Cloudy
Suits: Saison 9: Épisode 9,12/04/2024,Drama,9,12,Cloudy
Suits: Saison 9: Épisode 11,12/04/2024,Drama,8,12,Cloudy
Suits: Saison 9: Épisode 7,12/04/2024,Drama,10,12,Cloudy
Suits: Saison 9: Épisode 6,12/04/2024,Drama,8,12,Cloudy
Suits: Saison 9: Épisode 8,12/04/2024,Drama,9,12,Cloudy
Suits: Saison 9: Épisode 13,13/04/2024,Drama,10,9,Sunny
Suits: Saison 9: Épisode 14,13/04/2024,Drama,7,9,Sunny
Suits: Saison 9: Épisode 15,13/04/2024,Drama,7,9,Sunny
Suits: Saison 9: Épisode 16,13/04/2024,Drama,9,9,Sunny
La Casa de Papel: Saison 1: Épisode 1,13/04/2024,Crime,9,9,Sunny
La Casa de Papel: Saison 1: Épisode 2,13/04/2024,Crime,7,9,Sunny
La Casa de Papel: Saison 1: Épisode 3,13/04/2024,Crime,9,9,Sunny
La Casa de Papel: Saison 1: Épisode 4,13/04/2024,Crime,8,9,Sunny
La Casa de Papel: Saison 1: Épisode 10,14/04/2024,Crime,7,10,Sunny
La Casa de Papel: Saison 1: Épisode 8,14/04/2024,Crime,10,10,Sunny
La Casa de Papel: Saison 1: Épisode 9,14/04/2024,Crime,10,10,Sunny
La Casa de Papel: Saison 1: Épisode 6,14/04/2024,Crime,7,10,Sunny
La Casa de Papel: Saison 1: Épisode 5,14/04/2024,Crime,8,10,Sunny
La Casa de Papel: Saison 1: Épisode 7,14/04/2024,Crime,6,10,Sunny
La Casa de Papel: Saison 2: Épisode 5,15/04/2024,Crime,9,7,Cloudy
La Casa de Papel: Saison 2: Épisode 4,15/04/2024,Crime,9,7,Cloudy
La Casa de Papel: Saison 2: Épisode 3,15/04/2024,Crime,6,7,Cloudy
The Office (U.S.): Saison 1: Épisode 6,15/04/2024,Comedy,9,7,Cloudy
La Casa de Papel: Saison 2: Épisode 1,15/04/2024,Crime,7,7,Cloudy
La Casa de Papel: Saison 2: Épisode 2,15/04/2024,Crime,8,7,Cloudy
Brooklyn Nine-Nine: Saison 1: Épisode 9,17/04/2024,Comedy,6,10,Cloudy
La Casa de Papel: Saison 2: Épisode 6,17/04/2024,Crime,10,10,Cloudy
La Casa de Papel: Saison 2: Épisode 7,17/04/2024,Crime,8,10,Cloudy
La Casa de Papel: Saison 2: Épisode 8,17/04/2024,Crime,7,10,Cloudy
Brooklyn Nine-Nine: Saison 1: Épisode 10,18/04/2024,Comedy,6,13,Sunny
La Casa de Papel: Saison 2: Épisode 9,18/04/2024,Crime,6,13,Sunny
La Casa de Papel: Saison 2: Épisode 10,18/04/2024,Crime,6,13,Sunny
La Casa de Papel: Saison 3: Épisode 1,18/04/2024,Crime,10,13,Sunny
La Casa de Papel: Saison 3: Épisode 2,18/04/2024,Crime,9,13,Sunny
La Casa de Papel: Saison 4: Épisode 3,19/04/2024,Crime,9,15,Sunny
La Casa de Papel: Saison 4: Épisode 2,19/04/2024,Crime,6,15,Sunny
La Casa de Papel: Saison 4: Épisode 1,19/04/2024,Crime,9,15,Sunny
La Casa de Papel: Saison 3: Épisode 10,19/04/2024,Crime,8,15,Sunny
La Casa de Papel: Saison 3: Épisode 9,19/04/2024,Crime,6,15,Sunny
La Casa de Papel: Saison 3: Épisode 4,19/04/2024,Crime,10,15,Sunny
La Casa de Papel: Saison 3: Épisode 7,19/04/2024,Crime,8,15,Sunny
La Casa de Papel: Saison 3: Épisode 6,19/04/2024,Crime,9,15,Sunny
La Casa de Papel: Saison 3: Épisode 5,19/04/2024,Crime,8,15,Sunny
La Casa de Papel: Saison 3: Épisode 3,19/04/2024,Crime,10,15,Sunny
La Casa de Papel: Saison 3: Épisode 8,19/04/2024,Crime,8,15,Sunny
La Casa de Papel: Saison 4: Épisode 10,20/04/2024,Crime,9,15,Rainy
La Casa de Papel: Saison 5: Épisode 2,20/04/2024,Crime,6,15,Rainy
La Casa de Papel: Saison 5: Épisode 1,20/04/2024,Crime,6,15,Rainy
La Casa de Papel: Saison 4: Épisode 9,20/04/2024,Crime,7,15,Rainy
La Casa de Papel: Saison 4: Épisode 4,20/04/2024,Crime,10,15,Rainy
La Casa de Papel: Saison 4: Épisode 7,20/04/2024,Crime,10,15,Rainy
La Casa de Papel: Saison 4: Épisode 6,20/04/2024,Crime,9,15,Rainy
La Casa de Papel: Saison 4: Épisode 5,20/04/2024,Crime,7,15,Rainy
La Casa de Papel: Saison 4: Épisode 8,20/04/2024,Crime,9,15,Rainy
La Casa de Papel: Saison 5: Épisode 3,21/04/2024,Crime,6,8,Sunny
La Casa de Papel: Saison 5: Épisode 4,21/04/2024,Crime,9,8,Sunny
La Casa de Papel: Saison 5: Épisode 5,21/04/2024,Crime,9,8,Sunny
La Casa de Papel: Saison 5: Épisode 6,21/04/2024,Crime,7,8,Sunny
La Casa de Papel: Saison 5: Épisode 7,21/04/2024,Crime,8,8,Sunny
Alice in Borderland: Saison 1: Épisode 1,22/04/2024,Thriller,6,7,Sunny
La Casa de Papel: Saison 5: Épisode 10,22/04/2024,Crime,10,7,Sunny
La Casa de Papel: Saison 5: Épisode 8,22/04/2024,Crime,8,7,Sunny
La Casa de Papel: Saison 5: Épisode 9,22/04/2024,Crime,8,7,Sunny
Alice in Borderland: Saison 1: Épisode 6,23/04/2024,Thriller,8,10,Cloudy
Alice in Borderland: Saison 1: Épisode 2,23/04/2024,Thriller,8,10,Cloudy
Alice in Borderland: Saison 1: Épisode 3,23/04/2024,Thriller,6,10,Cloudy
Alice in Borderland: Saison 1: Épisode 4,23/04/2024,Thriller,8,10,Cloudy
Alice in Borderland: Saison 1: Épisode 5,23/04/2024,Thriller,8,10,Cloudy
Alice in Borderland: Saison 2: Épisode 1,24/04/2024,Thriller,9,10,Rainy
Alice in Borderland: Saison 2: Épisode 2,24/04/2024,Thriller,9,10,Rainy
Alice in Borderland: Saison 1: Épisode 7,24/04/2024,Thriller,8,10,Rainy
Alice in Borderland: Saison 1: Épisode 8,24/04/2024,Thriller,10,10,Rainy
The Office (U.S.): Saison 1: Épisode 7,25/04/2024,Comedy,10,8,Sunny
Stranger Things: Saison 1: Épisode 4,26/04/2024,Sci-Fi,9,11,Rainy
Stranger Things: Saison 1: Épisode 3,26/04/2024,Sci-Fi,6,11,Rainy
Stranger Things: Saison 1: Épisode 2,26/04/2024,Sci-Fi,8,11,Rainy
Stranger Things: Saison 1: Épisode 1,26/04/2024,Sci-Fi,8,11,Rainy
Alice in Borderland: Saison 2: Épisode 8,26/04/2024,Thriller,8,11,Rainy
Alice in Borderland: Saison 2: Épisode 6,26/04/2024,Thriller,8,11,Rainy
Alice in Borderland: Saison 2: Épisode 5,26/04/2024,Thriller,10,11,Rainy
Alice in Borderland: Saison 2: Épisode 4,26/04/2024,Thriller,8,11,Rainy
Alice in Borderland: Saison 2: Épisode 3,26/04/2024,Thriller,6,11,Rainy
Alice in Borderland: Saison 2: Épisode 7,26/04/2024,Thriller,7,11,Rainy
Stranger Things: Saison 2: Épisode 3,27/04/2024,Sci-Fi,8,14,Rainy
Stranger Things: Saison 2: Épisode 6,27/04/2024,Sci-Fi,8,14,Rainy
Stranger Things: Saison 2: Épisode 5,27/04/2024,Sci-Fi,9,14,Rainy
Stranger Things: Saison 2: Épisode 4,27/04/2024,Sci-Fi,10,14,Rainy
Stranger Things: Saison 2: Épisode 2,27/04/2024,Sci-Fi,10,14,Rainy
Stranger Things: Saison 1: Épisode 6,27/04/2024,Sci-Fi,7,14,Rainy
Stranger Things: Saison 1: Épisode 9,27/04/2024,Sci-Fi,9,14,Rainy
Stranger Things: Saison 1: Épisode 8,27/04/2024,Sci-Fi,10,14,Rainy
Stranger Things: Saison 1: Épisode 7,27/04/2024,Sci-Fi,7,14,Rainy
Stranger Things: Saison 1: Épisode 5,27/04/2024,Sci-Fi,7,14,Rainy
Stranger Things: Saison 2: Épisode 1,27/04/2024,Sci-Fi,9,14,Rainy
Stranger Things: Saison 3: Épisode 4,28/04/2024,Sci-Fi,10,15,Cloudy
Stranger Things: Saison 3: Épisode 6,28/04/2024,Sci-Fi,7,15,Cloudy
Stranger Things: Saison 3: Épisode 7,28/04/2024,Sci-Fi,8,15,Cloudy
Stranger Things: Saison 3: Épisode 5,28/04/2024,Sci-Fi,10,15,Cloudy
Stranger Things: Saison 3: Épisode 3,28/04/2024,Sci-Fi,9,15,Cloudy
Stranger Things: Saison 2: Épisode 8,28/04/2024,Sci-Fi,8,15,Cloudy
Stranger Things: Saison 3: Épisode 1,28/04/2024,Sci-Fi,10,15,Cloudy
Stranger Things: Saison 2: Épisode 9,28/04/2024,Sci-Fi,6,15,Cloudy
Stranger Things: Saison 2: Épisode 7,28/04/2024,Sci-Fi,9,15,Cloudy
Stranger Things: Saison 3: Épisode 2,28/04/2024,Sci-Fi,7,15,Cloudy
Stranger Things: Saison 3: Épisode 8,29/04/2024,Sci-Fi,7,7,Sunny
Stranger Things: Saison 3: Épisode 9,29/04/2024,Sci-Fi,7,7,Sunny
Stranger Things: Saison 4: Épisode 1,29/04/2024,Sci-Fi,6,7,Sunny
Stranger Things: Saison 4: Épisode 2,29/04/2024,Sci-Fi,9,7,Sunny
Stranger Things: Saison 4: Épisode 7,30/04/2024,Sci-Fi,8,9,Rainy
Stranger Things: Saison 4: Épisode 6,30/04/2024,Sci-Fi,9,9,Rainy
Stranger Things: Saison 4: Épisode 5,30/04/2024,Sci-Fi,10,9,Rainy
Stranger Things: Saison 4: Épisode 3,30/04/2024,Sci-Fi,6,9,Rainy
Stranger Things: Saison 4: Épisode 4,30/04/2024,Sci-Fi,9,9,Rainy
Friends: Saison 1: Épisode 7,01/05/2024,Comedy,5,19,Cloudy
Stranger Things: Saison 4: Épisode 8,01/05/2024,Sci-Fi,7,19,Cloudy
Stranger Things: Saison 4: Épisode 9,01/05/2024,Sci-Fi,8,19,Cloudy
Attack on Titan: Saison 1: Épisode 1,02/05/2024,Anime,10,16,Rainy
Attack on Titan: Saison 1: Épisode 2,02/05/2024,Anime,9,16,Rainy
Attack on Titan: Saison 1: Épisode 3,02/05/2024,Anime,9,16,Rainy
Attack on Titan: Saison 1: Épisode 12,03/05/2024,Anime,9,14,Cloudy
Attack on Titan: Saison 2: Épisode 1,03/05/2024,Anime,10,14,Cloudy
Attack on Titan: Saison 1: Épisode 11,03/05/2024,Anime,10,14,Cloudy
Attack on Titan: Saison 2: Épisode 3,03/05/2024,Anime,10,14,Cloudy
Attack on Titan: Saison 2: Épisode 2,03/05/2024,Anime,10,14,Cloudy
Attack on Titan: Saison 1: Épisode 10,03/05/2024,Anime,10,14,Cloudy
Attack on Titan: Saison 1: Épisode 5,03/05/2024,Anime,10,14,Cloudy
Attack on Titan: Saison 1: Épisode 8,03/05/2024,Anime,10,14,Cloudy
Attack on Titan: Saison 1: Épisode 7,03/05/2024,Anime,10,14,Cloudy
Attack on Titan: Saison 1: Épisode 6,03/05/2024,Anime,10,14,Cloudy
Attack on Titan: Saison 1: Épisode 9,03/05/2024,Anime,8,14,Cloudy
Attack on Titan: Saison 1: Épisode 4,03/05/2024,Anime,10,14,Cloudy
Attack on Titan: Saison 2: Épisode 4,04/05/2024,Anime,10,13,Rainy
Attack on Titan: Saison 2: Épisode 5,04/05/2024,Anime,9,13,Rainy
Attack on Titan: Saison 2: Épisode 6,04/05/2024,Anime,8,13,Rainy
Attack on Titan: Saison 2: Épisode 7,04/05/2024,Anime,10,13,Rainy
Attack on Titan: Saison 2: Épisode 8,04/05/2024,Anime,8,13,Rainy
Attack on Titan: Saison 2: Épisode 9,04/05/2024,Anime,8,13,Rainy
Attack on Titan: Saison 2: Épisode 10,04/05/2024,Anime,10,13,Rainy
Attack on Titan: Saison 2: Épisode 11,04/05/2024,Anime,9,13,Rainy
Attack on Titan: Saison 3: Épisode 4,05/05/2024,Anime,10,20,Sunny
Attack on Titan: Saison 3: Épisode 3,05/05/2024,Anime,10,20,Sunny
Attack on Titan: Saison 3: Épisode 1,05/05/2024,Anime,10,20,Sunny
Attack on Titan: Saison 2: Épisode 12,05/05/2024,Anime,9,20,Sunny
Attack on Titan: Saison 3: Épisode 2,05/05/2024,Anime,10,20,Sunny
Attack on Titan: Saison 3: Épisode 5,06/05/2024,Anime,10,20,Cloudy
Attack on Titan: Saison 3: Épisode 6,06/05/2024,Anime,9,20,Cloudy
Attack on Titan: Saison 3: Épisode 7,06/05/2024,Anime,10,20,Cloudy
Attack on Titan: Saison 3: Épisode 8,06/05/2024,Anime,10,20,Cloudy
Attack on Titan: Saison 3: Épisode 9,06/05/2024,Anime,9,20,Cloudy
Attack on Titan: Saison 3: Épisode 10,07/05/2024,Anime,10,18,Rainy
Attack on Titan: Saison 3: Épisode 11,07/05/2024,Anime,10,18,Rainy
Attack on Titan: Saison 4: Épisode 6,10/05/2024,Anime,8,13,Sunny
Attack on Titan: Saison 4: Épisode 8,10/05/2024,Anime,10,13,Sunny
Attack on Titan: Saison 4: Épisode 7,10/05/2024,Anime,9,13,Sunny
Attack on Titan: Saison 4: Épisode 5,10/05/2024,Anime,10,13,Sunny
Attack on Titan: Saison 3: Épisode 12,10/05/2024,Anime,10,13,Sunny
Attack on Titan: Saison 4: Épisode 3,10/05/2024,Anime,10,13,Sunny
Attack on Titan: Saison 4: Épisode 2,10/05/2024,Anime,8,13,Sunny
Attack on Titan: Saison 4: Épisode 1,10/05/2024,Anime,10,13,Sunny
Attack on Titan: Saison 4: Épisode 4,10/05/2024,Anime,10,13,Sunny
Demon Slayer: Saison 1: Épisode 8,11/05/2024,Anime,9,13,Rainy
Demon Slayer: Saison 1: Épisode 7,11/05/2024,Anime,10,13,Rainy
Demon Slayer: Saison 1: Épisode 6,11/05/2024,Anime,8,13,Rainy
Demon Slayer: Saison 1: Épisode 5,11/05/2024,Anime,7,13,Rainy
Demon Slayer: Saison 1: Épisode 4,11/05/2024,Anime,7,13,Rainy
Demon Slayer: Saison 1: Épisode 3,11/05/2024,Anime,10,13,Rainy
Demon Slayer: Saison 1: Épisode 1,11/05/2024,Anime,8,13,Rainy
Attack on Titan: Saison 4: Épisode 12,11/05/2024,Anime,10,13,Rainy
Attack on Titan: Saison 4: Épisode 11,11/05/2024,Anime,10,13,Rainy
Attack on Titan: Saison 4: Épisode 10,11/05/2024,Anime,10,13,Rainy
Attack on Titan: Saison 4: Épisode 9,11/05/2024,Anime,10,13,Rainy
Demon Slayer: Saison 1: Épisode 2,11/05/2024,Anime,10,13,Rainy
Demon Slayer: Saison 2: Épisode 5,12/05/2024,Anime,10,20,Sunny
Demon Slayer: Saison 2: Épisode 8,12/05/2024,Anime,10,20,Sunny
Demon Slayer: Saison 2: Épisode 7,12/05/2024,Anime,8,20,Sunny
Demon Slayer: Saison 2: Épisode 6,12/05/2024,Anime,10,20,Sunny
Demon Slayer: Saison 2: Épisode 4,12/05/2024,Anime,8,20,Sunny
Demon Slayer: Saison 2: Épisode 1,12/05/2024,Anime,10,20,Sunny
Demon Slayer: Saison 2: Épisode 2,12/05/2024,Anime,7,20,Sunny
Demon Slayer: Saison 2: Épisode 3,12/05/2024,Anime,10,20,Sunny
Demon Slayer: Saison 1: Épisode 11,12/05/2024,Anime,10,20,Sunny
Demon Slayer: Saison 1: Épisode 10,12/05/2024,Anime,10,20,Sunny
Demon Slayer: Saison 1: Épisode 9,12/05/2024,Anime,8,20,Sunny
Demon Slayer: Saison 3: Épisode 1,13/05/2024,Anime,8,19,Rainy
Demon Slayer: Saison 2: Épisode 11,13/05/2024,Anime,8,19,Rainy
Demon Slayer: Saison 3: Épisode 2,13/05/2024,Anime,10,19,Rainy
Demon Slayer: Saison 2: Épisode 9,13/05/2024,Anime,7,19,Rainy
Demon Slayer: Saison 2: Épisode 10,13/05/2024,Anime,9,19,Rainy
The Office (U.S.): Saison 1: Épisode 8,14/05/2024,Comedy,8,20,Rainy
Demon Slayer: Saison 3: Épisode 3,14/05/2024,Anime,10,20,Rainy
Demon Slayer: Saison 3: Épisode 4,14/05/2024,Anime,8,20,Rainy
Demon Slayer: Saison 3: Épisode 5,14/05/2024,Anime,10,20,Rainy
Demon Slayer: Saison 3: Épisode 6,15/05/2024,Anime,8,15,Cloudy
Demon Slayer: Saison 3: Épisode 7,15/05/2024,Anime,7,15,Cloudy
Brooklyn Nine-Nine: Saison 1: Épisode 11,16/05/2024,Comedy,7,16,Sunny
Emily in Paris: Saison 1: Épisode 1,17/05/2024,Romance,3,19,Rainy
Emily in Paris: Saison 1: Épisode 2,17/05/2024,Romance,4,19,Rainy
Demon Slayer: Saison 3: Épisode 11,17/05/2024,Anime,9,19,Rainy
Emily in Paris: Saison 1: Épisode 3,17/05/2024,Romance,3,19,Rainy
Demon Slayer: Saison 3: Épisode 9,17/05/2024,Anime,9,19,Rainy
Demon Slayer: Saison 3: Épisode 8,17/05/2024,Anime,10,19,Rainy
Demon Slayer: Saison 3: Épisode 10,17/05/2024,Anime,7,19,Rainy
Emily in Paris: Saison 1: Épisode 4,18/05/2024,Romance,4,17,Sunny
Emily in Paris: Saison 1: Épisode 5,18/05/2024,Romance,4,17,Sunny
Emily in Paris: Saison 1: Épisode 6,18/05/2024,Romance,7,17,Sunny
Emily in Paris: Saison 1: Épisode 7,18/05/2024,Romance,4,17,Sunny
Emily in Paris: Saison 1: Épisode 8,18/05/2024,Romance,3,17,Sunny
Emily in Paris: Saison 1: Épisode 9,18/05/2024,Romance,4,17,Sunny
Emily in Paris: Saison 3: Épisode 1,19/05/2024,Romance,3,17,Cloudy
Emily in Paris: Saison 2: Épisode 10,19/05/2024,Romance,7,17,Cloudy
Emily in Paris: Saison 2: Épisode 9,19/05/2024,Romance,4,17,Cloudy
Emily in Paris: Saison 2: Épisode 8,19/05/2024,Romance,4,17,Cloudy
Emily in Paris: Saison 2: Épisode 7,19/05/2024,Romance,5,17,Cloudy
Emily in Paris: Saison 2: Épisode 6,19/05/2024,Romance,3,17,Cloudy
Emily in Paris: Saison 2: Épisode 3,19/05/2024,Romance,7,17,Cloudy
Emily in Paris: Saison 2: Épisode 4,19/05/2024,Romance,6,17,Cloudy
Emily in Paris: Saison 2: Épisode 2,19/05/2024,Romance,7,17,Cloudy
Emily in Paris: Saison 2: Épisode 1,19/05/2024,Romance,7,17,Cloudy
Emily in Paris: Saison 1: Épisode 10,19/05/2024,Romance,6,17,Cloudy
Emily in Paris: Saison 2: Épisode 5,19/05/2024,Romance,5,17,Cloudy
Friends: Saison 1: Épisode 8,20/05/2024,Comedy,8,14,Cloudy
Emily in Paris: Saison 3: Épisode 2,20/05/2024,Romance,5,14,Cloudy
Emily in Paris: Saison 3: Épisode 3,20/05/2024,Romance,5,14,Cloudy
Emily in Paris: Saison 3: Épisode 8,21/05/2024,Romance,7,17,Cloudy
Emily in Paris: Saison 3: Épisode 6,21/05/2024,Romance,7,17,Cloudy
Emily in Paris: Saison 3: Épisode 7,21/05/2024,Romance,5,17,Cloudy
Emily in Paris: Saison 3: Épisode 4,21/05/2024,Romance,4,17,Cloudy
Emily in Paris: Saison 3: Épisode 5,21/05/2024,Romance,5,17,Cloudy
Brooklyn Nine-Nine: Saison 1: Épisode 12,21/05/2024,Comedy,8,17,Cloudy
Emily in Paris: Saison 3: Épisode 9,23/05/2024,Romance,4,18,Cloudy
Emily in Paris: Saison 3: Épisode 10,23/05/2024,Romance,6,18,Cloudy
Lucifer: Saison 1: Épisode 1,24/05/2024,Fantasy,5,15,Sunny
Emily in Paris: Saison 4: Épisode 10,24/05/2024,Romance,5,15,Sunny
Emily in Paris: Saison 4: Épisode 9,24/05/2024,Romance,4,15,Sunny
Emily in Paris: Saison 4: Épisode 8,24/05/2024,Romance,7,15,Sunny
Emily in Paris: Saison 4: Épisode 7,24/05/2024,Romance,7,15,Sunny
Emily in Paris: Saison 4: Épisode 5,24/05/2024,Romance,4,15,Sunny
Emily in Paris: Saison 4: Épisode 4,24/05/2024,Romance,4,15,Sunny
Emily in Paris: Saison 4: Épisode 3,24/05/2024,Romance,6,15,Sunny
Emily in Paris: Saison 4: Épisode 2,24/05/2024,Romance,3,15,Sunny
Emily in Paris: Saison 4: Épisode 1,24/05/2024,Romance,4,15,Sunny
Emily in Paris: Saison 4: Épisode 6,24/05/2024,Romance,6,15,Sunny
Lucifer: Saison 1: Épisode 7,25/05/2024,Fantasy,5,20,Rainy
Lucifer: Saison 1: Épisode 9,25/05/2024,Fantasy,5,20,Rainy
Lucifer: Saison 1: Épisode 8,25/05/2024,Fantasy,7,20,Rainy
Lucifer: Saison 1: Épisode 6,25/05/2024,Fantasy,7,20,Rainy
Lucifer: Saison 1: Épisode 10,25/05/2024,Fantasy,8,20,Rainy
Lucifer: Saison 1: Épisode 4,25/05/2024,Fantasy,7,20,Rainy
Lucifer: Saison 1: Épisode 3,25/05/2024,Fantasy,6,20,Rainy
Lucifer: Saison 1: Épisode 2,25/05/2024,Fantasy,7,20,Rainy
Lucifer: Saison 1: Épisode 5,25/05/2024,Fantasy,9,20,Rainy
Friends: Saison 1: Épisode 9,27/05/2024,Comedy,8,14,Cloudy
Lucifer: Saison 1: Épisode 11,27/05/2024,Fantasy,9,14,Cloudy
Lucifer: Saison 1: Épisode 12,27/05/2024,Fantasy,6,14,Cloudy
Lucifer: Saison 1: Épisode 13,28/05/2024,Fantasy,7,18,Cloudy
Lucifer: Saison 1: Épisode 14,28/05/2024,Fantasy,6,18,Cloudy
Lucifer: Saison 1: Épisode 15,28/05/2024,Fantasy,6,18,Cloudy
Lucifer: Saison 2: Épisode 1,28/05/2024,Fantasy,5,18,Cloudy
Lucifer: Saison 2: Épisode 2,28/05/2024,Fantasy,6,18,Cloudy
Lucifer: Saison 2: Épisode 7,29/05/2024,Fantasy,8,16,Cloudy
Lucifer: Saison 2: Épisode 6,29/05/2024,Fantasy,5,16,Cloudy
Lucifer: Saison 2: Épisode 4,29/05/2024,Fantasy,7,16,Cloudy
Lucifer: Saison 2: Épisode 3,29/05/2024,Fantasy,7,16,Cloudy
Lucifer: Saison 2: Épisode 5,29/05/2024,Fantasy,9,16,Cloudy
Brooklyn Nine-Nine: Saison 1: Épisode 13,30/05/2024,Comedy,7,17,Sunny
Lucifer: Saison 2: Épisode 8,30/05/2024,Fantasy,6,17,Sunny
Lucifer: Saison 2: Épisode 9,30/05/2024,Fantasy,8,17,Sunny
Lucifer: Saison 2: Épisode 10,30/05/2024,Fantasy,6,17,Sunny
Lucifer: Saison 2: Épisode 11,30/05/2024,Fantasy,7,17,Sunny
Lucifer: Saison 2: Épisode 12,30/05/2024,Fantasy,9,17,Sunny
Lucifer: Saison 3: Épisode 9,31/05/2024,Fantasy,6,14,Cloudy
Lucifer: Saison 3: Épisode 8,31/05/2024,Fantasy,8,14,Cloudy
Lucifer: Saison 3: Épisode 7,31/05/2024,Fantasy,6,14,Cloudy
Lucifer: Saison 3: Épisode 6,31/05/2024,Fantasy,8,14,Cloudy
Lucifer: Saison 3: Épisode 4,31/05/2024,Fantasy,6,14,Cloudy
Lucifer: Saison 3: Épisode 5,31/05/2024,Fantasy,7,14,Cloudy
Lucifer: Saison 3: Épisode 2,31/05/2024,Fantasy,7,14,Cloudy
Lucifer: Saison 2: Épisode 13,31/05/2024,Fantasy,8,14,Cloudy
Lucifer: Saison 2: Épisode 14,31/05/2024,Fantasy,5,14,Cloudy
Lucifer: Saison 3: Épisode 3,31/05/2024,Fantasy,8,14,Cloudy
Lucifer: Saison 3: Épisode 1,31/05/2024,Fantasy,7,14,Cloudy
Lucifer: Saison 2: Épisode 15,31/05/2024,Fantasy,8,14,Cloudy
Lucifer: Saison 3: Épisode 10,01/06/2024,Fantasy,9,32,Rainy
Lucifer: Saison 3: Épisode 11,01/06/2024,Fantasy,9,32,Rainy
Lucifer: Saison 3: Épisode 12,01/06/2024,Fantasy,8,32,Rainy
Lucifer: Saison 3: Épisode 13,01/06/2024,Fantasy,5,32,Rainy
Lucifer: Saison 3: Épisode 14,01/06/2024,Fantasy,6,32,Rainy
Lucifer: Saison 4: Épisode 9,02/06/2024,Fantasy,7,31,Cloudy
Lucifer: Saison 4: Épisode 8,02/06/2024,Fantasy,6,31,Cloudy
Lucifer: Saison 4: Épisode 7,02/06/2024,Fantasy,5,31,Cloudy
Lucifer: Saison 4: Épisode 6,02/06/2024,Fantasy,9,31,Cloudy
Lucifer: Saison 4: Épisode 5,02/06/2024,Fantasy,7,31,Cloudy
Lucifer: Saison 4: Épisode 3,02/06/2024,Fantasy,7,31,Cloudy
Lucifer: Saison 4: Épisode 2,02/06/2024,Fantasy,6,31,Cloudy
Lucifer: Saison 3: Épisode 15,02/06/2024,Fantasy,7,31,Cloudy
Lucifer: Saison 4: Épisode 4,02/06/2024,Fantasy,9,31,Cloudy
Lucifer: Saison 4: Épisode 1,02/06/2024,Fantasy,9,31,Cloudy
Lucifer: Saison 4: Épisode 11,03/06/2024,Fantasy,6,31,Cloudy
Friends: Saison 1: Épisode 10,03/06/2024,Comedy,6,31,Cloudy
Lucifer: Saison 4: Épisode 10,03/06/2024,Fantasy,7,31,Cloudy
Lucifer: Saison 4: Épisode 14,05/06/2024,Fantasy,9,27,Cloudy
Lucifer: Saison 4: Épisode 13,05/06/2024,Fantasy,5,27,Cloudy
Friends: Saison 1: Épisode 11,05/06/2024,Comedy,5,27,Cloudy
Lucifer: Saison 4: Épisode 12,05/06/2024,Fantasy,6,27,Cloudy
The Office (U.S.): Saison 1: Épisode 9,06/06/2024,Comedy,9,33,Rainy
Lucifer: Saison 4: Épisode 15,06/06/2024,Fantasy,8,33,Rainy
Lucifer: Saison 5: Épisode 1,06/06/2024,Fantasy,9,33,Rainy
Lucifer: Saison 5: Épisode 12,07/06/2024,Fantasy,5,34,Sunny
Lucifer: Saison 5: Épisode 11,07/06/2024,Fantasy,8,34,Sunny
Lucifer: Saison 5: Épisode 9,07/06/2024,Fantasy,5,34,Sunny
Lucifer: Saison 5: Épisode 8,07/06/2024,Fantasy,5,34,Sunny
Lucifer: Saison 5: Épisode 7,07/06/2024,Fantasy,8,34,Sunny
Lucifer: Saison 5: Épisode 10,07/06/2024,Fantasy,7,34,Sunny
Lucifer: Saison 5: Épisode 5,07/06/2024,Fantasy,6,34,Sunny
Lucifer: Saison 5: Épisode 4,07/06/2024,Fantasy,5,34,Sunny
Lucifer: Saison 5: Épisode 3,07/06/2024,Fantasy,9,34,Sunny
Lucifer: Saison 5: Épisode 2,07/06/2024,Fantasy,7,34,Sunny
Lucifer: Saison 5: Épisode 6,07/06/2024,Fantasy,5,34,Sunny
Lucifer: Saison 6: Épisode 6,08/06/2024,Fantasy,7,26,Cloudy
Lucifer: Saison 6: Épisode 5,08/06/2024,Fantasy,6,26,Cloudy
Lucifer: Saison 6: Épisode 4,08/06/2024,Fantasy,8,26,Cloudy
Lucifer: Saison 6: Épisode 3,08/06/2024,Fantasy,9,26,Cloudy
Lucifer: Saison 6: Épisode 1,08/06/2024,Fantasy,5,26,Cloudy
Lucifer: Saison 5: Épisode 15,08/06/2024,Fantasy,6,26,Cloudy
Lucifer: Saison 5: Épisode 14,08/06/2024,Fantasy,5,26,Cloudy
Lucifer: Saison 5: Épisode 13,08/06/2024,Fantasy,7,26,Cloudy
Lucifer: Saison 6: Épisode 2,08/06/2024,Fantasy,7,26,Cloudy
Lucifer: Saison 6: Épisode 11,09/06/2024,Fantasy,5,26,Rainy
Lucifer: Saison 6: Épisode 12,09/06/2024,Fantasy,9,26,Rainy
Lucifer: Saison 6: Épisode 10,09/06/2024,Fantasy,6,26,Rainy
Lucifer: Saison 6: Épisode 13,09/06/2024,Fantasy,7,26,Rainy
Lucifer: Saison 6: Épisode 8,09/06/2024,Fantasy,9,26,Rainy
Lucifer: Saison 6: Épisode 7,09/06/2024,Fantasy,5,26,Rainy
Lucifer: Saison 6: Épisode 9,09/06/2024,Fantasy,5,26,Rainy
Brooklyn Nine-Nine: Saison 1: Épisode 14,11/06/2024,Comedy,7,30,Cloudy
Lucifer: Saison 6: Épisode 14,11/06/2024,Fantasy,8,30,Cloudy
Lucifer: Saison 6: Épisode 15,11/06/2024,Fantasy,8,30,Cloudy
The Crown: Saison 1: Épisode 1,11/06/2024,Drama,7,30,Cloudy
Lupin: Saison 1: Épisode 1,12/06/2024,Crime,8,28,Sunny
Lupin: Saison 1: Épisode 2,12/06/2024,Crime,5,28,Sunny
Brooklyn Nine-Nine: Saison 1: Épisode 15,13/06/2024,Comedy,8,34,Sunny
Lupin: Saison 2: Épisode 6,14/06/2024,Crime,5,23,Sunny
Lupin: Saison 2: Épisode 5,14/06/2024,Crime,8,23,Sunny
Lupin: Saison 2: Épisode 4,14/06/2024,Crime,8,23,Sunny
Lupin: Saison 2: Épisode 3,14/06/2024,Crime,7,23,Sunny
Lupin: Saison 2: Épisode 2,14/06/2024,Crime,8,23,Sunny
Lupin: Saison 1: Épisode 6,14/06/2024,Crime,8,23,Sunny
Lupin: Saison 1: Épisode 7,14/06/2024,Crime,9,23,Sunny
Lupin: Saison 1: Épisode 5,14/06/2024,Crime,9,23,Sunny
Lupin: Saison 1: Épisode 4,14/06/2024,Crime,7,23,Sunny
Lupin: Saison 1: Épisode 3,14/06/2024,Crime,8,23,Sunny
Lupin: Saison 2: Épisode 1,14/06/2024,Crime,5,23,Sunny
Lupin: Saison 3: Épisode 7,15/06/2024,Crime,5,26,Cloudy
One Piece: Saison 1: Épisode 4,15/06/2024,Action,8,26,Cloudy
One Piece: Saison 1: Épisode 3,15/06/2024,Action,7,26,Cloudy
One Piece: Saison 1: Épisode 2,15/06/2024,Action,6,26,Cloudy
One Piece: Saison 1: Épisode 1,15/06/2024,Action,6,26,Cloudy
Lupin: Saison 3: Épisode 6,15/06/2024,Crime,9,26,Cloudy
Lupin: Saison 3: Épisode 4,15/06/2024,Crime,8,26,Cloudy
Lupin: Saison 3: Épisode 3,15/06/2024,Crime,8,26,Cloudy
Lupin: Saison 3: Épisode 2,15/06/2024,Crime,6,26,Cloudy
Lupin: Saison 3: Épisode 1,15/06/2024,Crime,8,26,Cloudy
Lupin: Saison 2: Épisode 7,15/06/2024,Crime,9,26,Cloudy
Lupin: Saison 3: Épisode 5,15/06/2024,Crime,8,26,Cloudy
One Piece: Saison 1: Épisode 5,16/06/2024,Action,7,25,Rainy
One Piece: Saison 1: Épisode 6,16/06/2024,Action,8,25,Rainy
One Piece: Saison 1: Épisode 7,16/06/2024,Action,9,25,Rainy
One Piece: Saison 1: Épisode 8,16/06/2024,Action,7,25,Rainy
The Office (U.S.): Saison 1: Épisode 10,17/06/2024,Comedy,8,26,Rainy
Brooklyn Nine-Nine: Saison 1: Épisode 16,20/06/2024,Comedy,7,25,Sunny
Friends: Saison 1: Épisode 12,25/06/2024,Comedy,8,28,Rainy
The Office (U.S.): Saison 1: Épisode 11,02/07/2024,Comedy,10,28,Sunny
Friends: Saison 1: Épisode 13,04/07/2024,Comedy,7,27,Cloudy
Brooklyn Nine-Nine: Saison 1: Épisode 17,09/07/2024,Comedy,6,29,Sunny
The Office (U.S.): Saison 1: Épisode 12,11/07/2024,Comedy,8,31,Rainy
Friends: Saison 1: Épisode 14,15/07/2024,Comedy,9,29,Cloudy
Friends: Saison 1: Épisode 15,16/07/2024,Comedy,7,34,Cloudy
Friends: Saison 1: Épisode 16,22/07/2024,Comedy,8,26,Sunny
Friends: Saison 1: Épisode 17,23/07/2024,Comedy,6,28,Cloudy
Friends: Saison 1: Épisode 18,01/08/2024,Comedy,9,25,Cloudy
The Office (U.S.): Saison 1: Épisode 13,05/08/2024,Comedy,7,24,Cloudy
Brooklyn Nine-Nine: Saison 1: Épisode 18,07/08/2024,Comedy,7,26,Cloudy
The Office (U.S.): Saison 1: Épisode 14,08/08/2024,Comedy,8,28,Sunny
The Office (U.S.): Saison 1: Épisode 15,22/08/2024,Comedy,7,25,Cloudy
Friends: Saison 1: Épisode 19,27/08/2024,Comedy,6,30,Cloudy
Brooklyn Nine-Nine: Saison 1: Épisode 19,28/08/2024,Comedy,10,25,Sunny
Friends: Saison 1: Épisode 20,02/09/2024,Comedy,9,25,Cloudy
Friends: Saison 1: Épisode 21,03/09/2024,Comedy,8,27,Sunny
Brooklyn Nine-Nine: Saison 1: Épisode 20,05/09/2024,Comedy,10,27,Sunny
Brooklyn Nine-Nine: Saison 1: Épisode 21,11/09/2024,Comedy,7,26,Sunny
Brooklyn Nine-Nine: Saison 1: Épisode 22,16/09/2024,Comedy,10,24,Rainy
Brooklyn Nine-Nine: Saison 2: Épisode 1,19/09/2024,Comedy,7,28,Rainy
Friends: Saison 1: Épisode 22,24/09/2024,Comedy,7,24,Sunny
The Office (U.S.): Saison 1: Épisode 16,25/09/2024,Comedy,9,30,Cloudy
The Office (U.S.): Saison 1: Épisode 17,08/10/2024,Comedy,7,14,Rainy
The Office (U.S.): Saison 1: Épisode 18,09/10/2024,Comedy,9,19,Sunny
Brooklyn Nine-Nine: Saison 2: Épisode 2,14/10/2024,Comedy,7,19,Rainy
Friends: Saison 1: Épisode 23,15/10/2024,Comedy,9,15,Cloudy
The Office (U.S.): Saison 1: Épisode 19,21/10/2024,Comedy,10,19,Rainy
Brooklyn Nine-Nine: Saison 2: Épisode 3,22/10/2024,Comedy,8,17,Cloudy
Friends: Saison 1: Épisode 24,30/10/2024,Comedy,5,20,Cloudy
Friends: Saison 2: Épisode 1,31/10/2024,Comedy,6,16,Cloudy
Friends: Saison 2: Épisode 2,06/11/2024,Comedy,7,15,Cloudy
Brooklyn Nine-Nine: Saison 2: Épisode 4,07/11/2024,Comedy,6,15,Cloudy
Friends: Saison 2: Épisode 3,13/11/2024,Comedy,7,13,Rainy
The Office (U.S.): Saison 1: Épisode 20,14/11/2024,Comedy,7,11,Sunny
Brooklyn Nine-Nine: Saison 2: Épisode 5,20/11/2024,Comedy,8,10,Rainy
Brooklyn Nine-Nine: Saison 2: Épisode 6,21/11/2024,Comedy,9,12,Rainy
The Office (U.S.): Saison 1: Épisode 21,26/11/2024,Comedy,9,13,Cloudy
The Office (U.S.): Saison 1: Épisode 22,02/12/2024,Comedy,10,5,Rainy
Friends: Saison 2: Épisode 4,03/12/2024,Comedy,6,0,Rainy
The Office (U.S.): Saison 1: Épisode 23,04/12/2024,Comedy,10,4,Rainy
The Office (U.S.): Saison 1: Épisode 24,10/12/2024,Comedy,8,8,Sunny
Brooklyn Nine-Nine: Saison 2: Épisode 7,12/12/2024,Comedy,9,4,Sunny
The Office (U.S.): Saison 2: Épisode 1,16/12/2024,Comedy,8,4,Sunny
Brooklyn Nine-Nine: Saison 2: Épisode 8,18/12/2024,Comedy,7,4,Rainy
Brooklyn Nine-Nine: Saison 2: Épisode 9,24/12/2024,Comedy,9,8,Cloudy
Brooklyn Nine-Nine: Saison 2: Épisode 10,25/12/2024,Comedy,9,2,Cloudy
Brooklyn Nine-Nine: Saison 2: Épisode 11,26/12/2024,Comedy,6,7,Rainy
The Office (U.S.): Saison 2: Épisode 2,01/01/2025,Comedy,10,0,Cloudy
Brooklyn Nine-Nine: Saison 2: Épisode 12,02/01/2025,Comedy,8,6,Rainy
Friends: Saison 2: Épisode 5,07/01/2025,Comedy,7,3,Cloudy
The Office (U.S.): Saison 2: Épisode 3,09/01/2025,Comedy,10,0,Rainy
Friends: Saison 2: Épisode 6,14/01/2025,Comedy,8,1,Rainy
Brooklyn Nine-Nine: Saison 2: Épisode 13,15/01/2025,Comedy,6,5,Rainy
Brooklyn Nine-Nine: Saison 2: Épisode 14,29/01/2025,Comedy,10,5,Rainy
The Office (U.S.): Saison 2: Épisode 4,30/01/2025,Comedy,10,5,Cloudy
Brooklyn Nine-Nine: Saison 2: Épisode 15,03/02/2025,Comedy,9,4,Sunny
The Office (U.S.): Saison 2: Épisode 5,05/02/2025,Comedy,10,3,Sunny
Friends: Saison 2: Épisode 7,06/02/2025,Comedy,5,1,Rainy
The Office (U.S.): Saison 2: Épisode 6,11/02/2025,Comedy,7,1,Sunny
Brooklyn Nine-Nine: Saison 2: Épisode 16,12/02/2025,Comedy,7,0,Sunny
The Office (U.S.): Saison 2: Épisode 7,13/02/2025,Comedy,10,5,Cloudy
Brooklyn Nine-Nine: Saison 2: Épisode 17,19/02/2025,Comedy,8,7,Cloudy
Brooklyn Nine-Nine: Saison 2: Épisode 18,20/02/2025,Comedy,10,3,Sunny
The Office (U.S.): Saison 2: Épisode 8,24/02/2025,Comedy,8,0,Rainy
Brooklyn Nine-Nine: Saison 2: Épisode 19,25/02/2025,Comedy,8,5,Cloudy
Friends: Saison 2: Épisode 8,04/03/2025,Comedy,8,12,Cloudy
Brooklyn Nine-Nine: Saison 2: Épisode 20,05/03/2025,Comedy,7,12,Cloudy
Friends: Saison 2: Épisode 9,10/03/2025,Comedy,9,12,Cloudy
Friends: Saison 2: Épisode 10,11/03/2025,Comedy,8,13,Cloudy
The Office (U.S.): Saison 2: Épisode 9,12/03/2025,Comedy,8,9,Cloudy
Friends: Saison 2: Épisode 11,17/03/2025,Comedy,5,14,Cloudy
The Office (U.S.): Saison 2: Épisode 10,19/03/2025,Comedy,8,7,Cloudy
Brooklyn Nine-Nine: Saison 2: Épisode 21,20/03/2025,Comedy,8,7,Rainy
Friends: Saison 2: Épisode 12,24/03/2025,Comedy,9,11,Sunny
The Office (U.S.): Saison 2: Épisode 11,25/03/2025,Comedy,8,8,Rainy
Friends: Saison 2: Épisode 13,26/03/2025,Comedy,9,15,Cloudy
Brooklyn Nine-Nine: Saison 2: Épisode 22,27/03/2025,Comedy,6,12,Rainy
Friends: Saison 2: Épisode 14,01/04/2025,Comedy,6,13,Sunny
Friends: Saison 2: Épisode 15,03/04/2025,Comedy,9,11,Cloudy
Brooklyn Nine-Nine: Saison 3: Épisode 1,08/04/2025,Comedy,7,14,Cloudy
Brooklyn Nine-Nine: Saison 3: Épisode 2,09/04/2025,Comedy,9,8,Rainy
Friends: Saison 2: Épisode 16,14/04/2025,Comedy,7,10,Rainy
Friends: Saison 2: Épisode 17,15/04/2025,Comedy,9,10,Sunny
Friends: Saison 2: Épisode 18,16/04/2025,Comedy,9,13,Rainy
Brooklyn Nine-Nine: Saison 3: Épisode 3,17/04/2025,Comedy,10,14,Cloudy
The Office (U.S.): Saison 2: Épisode 12,21/04/2025,Comedy,10,12,Rainy
Brooklyn Nine-Nine: Saison 3: Épisode 4,28/04/2025,Comedy,9,14,Cloudy
The Office (U.S.): Saison 2: Épisode 13,29/04/2025,Comedy,10,13,Rainy
Brooklyn Nine-Nine: Saison 3: Épisode 5,30/04/2025,Comedy,10,10,Cloudy
Brooklyn Nine-Nine: Saison 3: Épisode 6,07/05/2025,Comedy,8,16,Rainy
Friends: Saison 2: Épisode 19,12/05/2025,Comedy,6,14,Rainy
Friends: Saison 2: Épisode 20,14/05/2025,Comedy,6,15,Cloudy
The Office (U.S.): Saison 2: Épisode 14,02/06/2025,Comedy,10,26,Cloudy
Friends: Saison 2: Épisode 21,03/06/2025,Comedy,6,31,Sunny
Brooklyn Nine-Nine: Saison 3: Épisode 7,04/06/2025,Comedy,8,25,Cloudy
Friends: Saison 2: Épisode 22,05/06/2025,Comedy,9,28,Cloudy
The Office (U.S.): Saison 2: Épisode 15,10/06/2025,Comedy,7,28,Rainy
The Office (U.S.): Saison 2: Épisode 16,11/06/2025,Comedy,10,23,Rainy
Friends: Saison 2: Épisode 23,12/06/2025,Comedy,9,31,Cloudy
Brooklyn Nine-Nine: Saison 3: Épisode 8,16/06/2025,Comedy,9,28,Cloudy
Friends: Saison 2: Épisode 24,17/06/2025,Comedy,9,33,Sunny
Friends: Saison 3: Épisode 1,18/06/2025,Comedy,9,32,Cloudy
Brooklyn Nine-Nine: Saison 3: Épisode 9,19/06/2025,Comedy,7,30,Rainy
The Office (U.S.): Saison 2: Épisode 17,24/06/2025,Comedy,9,32,Sunny
Brooklyn Nine-Nine: Saison 3: Épisode 10,26/06/2025,Comedy,7,24,Cloudy
The Office (U.S.): Saison 2: Épisode 18,03/07/2025,Comedy,10,30,Sunny
Friends: Saison 3: Épisode 2,08/07/2025,Comedy,8,26,Sunny
The Office (U.S.): Saison 2: Épisode 19,10/07/2025,Comedy,10,34,Rainy
Brooklyn Nine-Nine: Saison 3: Épisode 11,15/07/2025,Comedy,10,24,Cloudy
Brooklyn Nine-Nine: Saison 3: Épisode 12,17/07/2025,Comedy,7,27,Rainy
Brooklyn Nine-Nine: Saison 3: Épisode 13,30/07/2025,Comedy,6,33,Sunny
Friends: Saison 3: Épisode 3,04/08/2025,Comedy,9,31,Cloudy
Brooklyn Nine-Nine: Saison 3: Épisode 14,05/08/2025,Comedy,9,27,Cloudy
Friends: Saison 3: Épisode 4,06/08/2025,Comedy,9,29,Rainy
Friends: Saison 3: Épisode 5,18/08/2025,Comedy,5,31,Rainy
Friends: Saison 3: Épisode 6,19/08/2025,Comedy,9,27,Cloudy
Friends: Saison 3: Épisode 7,20/08/2025,Comedy,8,26,Cloudy
Brooklyn Nine-Nine: Saison 3: Épisode 15,25/08/2025,Comedy,6,24,Sunny
Friends: Saison 3: Épisode 8,26/08/2025,Comedy,8,28,Cloudy
Friends: Saison 3: Épisode 9,27/08/2025,Comedy,6,28,Rainy
The Office (U.S.): Saison 2: Épisode 20,01/09/2025,Comedy,8,22,Sunny
Brooklyn Nine-Nine: Saison 3: Épisode 16,04/09/2025,Comedy,8,33,Cloudy
Brooklyn Nine-Nine: Saison 3: Épisode 17,08/09/2025,Comedy,9,30,Sunny
Friends: Saison 3: Épisode 10,09/09/2025,Comedy,8,31,Cloudy
The Office (U.S.): Saison 2: Épisode 21,10/09/2025,Comedy,10,22,Cloudy
Brooklyn Nine-Nine: Saison 3: Épisode 18,06/10/2025,Comedy,7,18,Sunny
The Office (U.S.): Saison 2: Épisode 22,07/10/2025,Comedy,8,13,Cloudy
The Office (U.S.): Saison 2: Épisode 23,08/10/2025,Comedy,7,18,Rainy
The Office (U.S.): Saison 2: Épisode 24,09/10/2025,Comedy,9,17,Rainy
Friends: Saison 3: Épisode 11,15/10/2025,Comedy,5,17,Cloudy
Brooklyn Nine-Nine: Saison 3: Épisode 19,16/10/2025,Comedy,7,19,Sunny
The Office (U.S.): Saison 3: Épisode 1,22/10/2025,Comedy,7,17,Sunny
The Office (U.S.): Saison 3: Épisode 2,23/10/2025,Comedy,10,14,Rainy
The Office (U.S.): Saison 3: Épisode 3,27/10/2025,Comedy,9,17,Sunny
Friends: Saison 3: Épisode 12,28/10/2025,Comedy,8,20,Cloudy
Friends: Saison 3: Épisode 13,29/10/2025,Comedy,8,15,Cloudy
Friends: Saison 3: Épisode 14,03/11/2025,Comedy,6,12,Sunny
Friends: Saison 3: Épisode 15,04/11/2025,Comedy,5,10,Rainy
Brooklyn Nine-Nine: Saison 3: Épisode 20,05/11/2025,Comedy,8,14,Cloudy
Friends: Saison 3: Épisode 16,11/11/2025,Comedy,6,7,Sunny
Brooklyn Nine-Nine: Saison 3: Épisode 21,13/11/2025,Comedy,10,12,Rainy
Brooklyn Nine-Nine: Saison 3: Épisode 22,17/11/2025,Comedy,7,13,Sunny
Friends: Saison 3: Épisode 17,20/11/2025,Comedy,8,14,Cloudy
The Office (U.S.): Saison 3: Épisode 4,24/11/2025,Comedy,8,14,Sunny
The Office (U.S.): Saison 3: Épisode 5,25/11/2025,Comedy,10,14,Cloudy
The Office (U.S.): Saison 3: Épisode 6,26/11/2025,Comedy,9,15,Cloudy
The Office (U.S.): Saison 3: Épisode 7,03/12/2025,Comedy,10,5,Rainy
Friends: Saison 3: Épisode 18,08/12/2025,Comedy,8,6,Cloudy
Brooklyn Nine-Nine: Saison 4: Épisode 1,10/12/2025,Comedy,10,9,Cloudy
Friends: Saison 3: Épisode 19,11/12/2025,Comedy,7,5,Sunny
The Office (U.S.): Saison 3: Épisode 8,15/12/2025,Comedy,7,6,Rainy
Brooklyn Nine-Nine: Saison 4: Épisode 2,16/12/2025,Comedy,7,6,Sunny
Friends: Saison 3: Épisode 20,17/12/2025,Comedy,6,6,Cloudy
Friends: Saison 3: Épisode 21,18/12/2025,Comedy,8,0,Rainy
Brooklyn Nine-Nine: Saison 4: Épisode 3,22/12/2025,Comedy,7,6,Rainy
Friends: Saison 3: Épisode 22,23/12/2025,Comedy,5,6,Sunny
The Office (U.S.): Saison 3: Épisode 9,24/12/2025,Comedy,10,1,Rainy
The Office (U.S.): Saison 3: Épisode 10,25/12/2025,Comedy,10,2,Cloudy
Friends: Saison 3: Épisode 23,29/12/2025,Comedy,6,3,Cloudy
Friends: Saison 3: Épisode 24,30/12/2025,Comedy,7,8,Sunny
Brooklyn Nine-Nine: Saison 4: Épisode 4,06/01/2026,Comedy,10,1,Rainy
The Office (U.S.): Saison 3: Épisode 11,08/01/2026,Comedy,10,6,Cloudy
Friends: Saison 4: Épisode 1,12/01/2026,Comedy,8,0,Cloudy
Friends: Saison 4: Épisode 2,14/01/2026,Comedy,9,9,Sunny
The Office (U.S.): Saison 3: Épisode 12,19/01/2026,Comedy,10,2,Sunny
The Office (U.S.): Saison 3: Épisode 13,20/01/2026,Comedy,10,1,Cloudy
Friends: Saison 4: Épisode 3,22/01/2026,Comedy,5,5,Rainy
The Office (U.S.): Saison 3: Épisode 14,28/01/2026,Comedy,8,4,Cloudy
The Office (U.S.): Saison 3: Épisode 15,02/02/2026,Comedy,10,3,Cloudy
The Office (U.S.): Saison 3: Épisode 16,04/02/2026,Comedy,7,5,Sunny
